chain,draw,score_cpxR,score_soxR
0,0,-3922.0,-14388.0
0,2,-3573.0,-13519.0
0,4,-3420.0,-9130.0
0,6,-3474.0,-7137.0
0,10,-4612.0,-6733.0
0,12,-4612.0,-5559.0
0,14,-4051.0,-4385.0
0,25,-3695.0,-4039.0
0,31,-3751.0,-2865.0
0,43,-3751.0,-3065.0
0,51,-1845.0,-2874.0
0,53,-2003.0,-2558.0
0,56,-2003.0,-1457.0
0,62,-1885.0,-234.0
0,66,-1449.0,-1442.0
0,72,-1217.0,-336.0
0,79,-1039.0,-326.0
0,106,-1010.0,-811.0
0,108,-1005.0,-267.0
0,110,-872.0,-491.0
0,117,-821.0,-599.0
0,124,-623.0,72.0
0,130,-469.0,683.0
0,137,-279.0,-308.0
0,156,-279.0,866.0
0,178,184.0,575.0
0,257,370.0,883.0
0,268,569.0,980.0
0,317,569.0,862.0
0,340,884.0,1623.0
0,425,884.0,1741.0
0,604,884.0,1623.0
0,629,884.0,1307.0
0,721,1568.0,1764.0
0,999,1568.0,1764.0
1,0,-3396.0,-9397.0
1,4,-3573.0,-13519.0
1,5,-3474.0,-7137.0
1,6,-4193.0,-7907.0
1,7,-4612.0,-6733.0
1,10,-3474.0,-7137.0
1,13,-3016.0,-7078.0
1,14,-5502.0,-5904.0
1,17,-3585.0,-5198.0
1,23,-3695.0,-4039.0
1,25,-4051.0,-4385.0
1,35,-4184.0,-4258.0
1,46,-4028.0,-3211.0
1,50,-1845.0,-2874.0
1,51,-2767.0,-3692.0
1,54,-1389.0,-2518.0
1,58,-2299.0,-2002.0
1,70,-1217.0,-336.0
1,72,-1449.0,-1442.0
1,83,-1195.0,-1193.0
1,105,-1010.0,-811.0
1,106,-1005.0,-267.0
1,108,-926.0,-175.0
1,110,-1005.0,-267.0
1,111,-1010.0,-811.0
1,113,-1005.0,-267.0
1,116,-821.0,-599.0
1,117,-872.0,-491.0
1,121,-623.0,72.0
1,124,-821.0,-599.0
1,129,-469.0,683.0
1,130,-623.0,82.0
1,177,184.0,575.0
1,178,-279.0,866.0
1,216,346.0,-24.0
1,256,346.0,1150.0
1,257,184.0,575.0
1,267,569.0,980.0
1,268,370.0,824.0
1,289,426.0,449.0
1,339,884.0,1623.0
1,340,569.0,921.0
1,500,738.0,624.0
1,720,1568.0,1764.0
1,721,884.0,1366.0
1,736,884.0,1682.0
1,925,884.0,1307.0
1,996,884.0,1682.0
1,999,884.0,1682.0
2,0,-3091.0,-16680.0
2,1,-5431.0,-12116.0
2,2,-4577.0,-11916.0
2,3,-5130.0,-10693.0
2,4,-3474.0,-7137.0
2,5,-3573.0,-13519.0
2,6,-2473.0,-11453.0
2,7,-4262.0,-9465.0
2,8,-4023.0,-8291.0
2,9,-3017.0,-8185.0
2,13,-5502.0,-5904.0
2,14,-3307.0,-6421.0
2,16,-3585.0,-5198.0
2,17,-5502.0,-5904.0
2,20,-5502.0,-4681.0
2,27,-4160.0,-5432.0
2,31,-4314.0,-4681.0
2,34,-4184.0,-4258.0
2,35,-4051.0,-4385.0
2,41,-4343.0,-4350.0
2,43,-4028.0,-3211.0
2,46,-4184.0,-4258.0
2,49,-1845.0,-2874.0
2,50,-2767.0,-3692.0
2,51,-3751.0,-3065.0
2,57,-2299.0,-2002.0
2,58,-1389.0,-2518.0
2,68,-1217.0,-336.0
2,70,-2299.0,-2002.0
2,74,-1957.0,-1193.0
2,82,-1195.0,-1193.0
2,83,-1449.0,-1442.0
2,104,-1010.0,-811.0
2,105,-1195.0,-1193.0
2,107,-926.0,-175.0
2,108,-1010.0,-811.0
2,111,-1005.0,-267.0
2,113,-1010.0,-811.0
2,115,-821.0,-599.0
2,116,-1005.0,-267.0
2,117,-1010.0,-811.0
2,120,-623.0,72.0
2,121,-872.0,-491.0
2,125,-868.0,-811.0
2,127,-469.0,683.0
2,129,-821.0,-599.0
2,146,-561.0,6.0
2,160,235.0,-599.0
2,176,184.0,575.0
2,177,-561.0,6.0
2,180,402.0,-399.0
2,214,346.0,-24.0
2,216,-265.0,807.0
2,266,569.0,980.0
2,267,184.0,575.0
2,394,184.0,1749.0
2,400,184.0,575.0
2,430,280.0,883.0
2,499,738.0,624.0
2,500,569.0,862.0
2,611,619.0,763.0
2,652,619.0,881.0
2,719,1568.0,1764.0
2,720,738.0,683.0
2,999,738.0,683.0
3,0,-3488.0,-13014.0
3,1,-5884.0,-16251.0
3,2,-2637.0,-12209.0
3,3,-3464.0,-8311.0
3,4,-5130.0,-10634.0
3,5,-4262.0,-9465.0
3,7,-2473.0,-11453.0
3,8,-3017.0,-8185.0
3,9,-4023.0,-8291.0
3,12,-5502.0,-5904.0
3,13,-3307.0,-6421.0
3,14,-3016.0,-7078.0
3,19,-5069.0,-6740.0
3,22,-2760.0,-5855.0
3,25,-4160.0,-5432.0
3,27,-5502.0,-4681.0
3,28,-4314.0,-4681.0
3,31,-4160.0,-5432.0
3,33,-4184.0,-4258.0
3,34,-3472.0,-4407.0
3,36,-4394.0,-4350.0
3,41,-3472.0,-4407.0
3,42,-4028.0,-3211.0
3,43,-4343.0,-4350.0
3,46,-2767.0,-3692.0
3,48,-1845.0,-2874.0
3,49,-2767.0,-3692.0
3,50,-4028.0,-3211.0
3,54,-2299.0,-2002.0
3,57,-3751.0,-3065.0
3,58,-3121.0,-3191.0
3,63,-2735.0,-3055.0
3,67,-1217.0,-336.0
3,68,-1389.0,-2508.0
3,73,-1957.0,-1193.0
3,74,-2299.0,-2002.0
3,77,-2045.0,-1349.0
3,96,-1813.0,-852.0
3,100,-767.0,-1773.0
3,103,-1010.0,-811.0
3,104,-1449.0,-1442.0
3,106,-926.0,-175.0
3,107,-1195.0,-1193.0
3,111,-1127.0,-268.0
3,114,-821.0,-599.0
3,115,-1010.0,-811.0
3,117,-1005.0,-267.0
3,118,-635.0,131.0
3,120,-1010.0,-811.0
3,123,-1005.0,-267.0
3,124,-868.0,-811.0
3,125,-872.0,-491.0
3,126,-469.0,683.0
3,127,-868.0,-811.0
3,143,-561.0,6.0
3,146,-821.0,-599.0
3,159,235.0,-599.0
3,160,-623.0,82.0
3,179,402.0,-399.0
3,180,-561.0,6.0
3,253,-544.0,-283.0
3,264,569.0,980.0
3,266,-265.0,807.0
3,354,-214.0,-268.0
3,355,-253.0,738.0
3,360,-214.0,-268.0
3,362,-253.0,738.0
3,365,-214.0,-268.0
3,366,-253.0,738.0
3,372,-214.0,-268.0
3,373,-253.0,738.0
3,380,-214.0,-268.0
3,381,-253.0,738.0
3,386,-214.0,-268.0
3,387,-253.0,738.0
3,388,-214.0,-268.0
3,389,-253.0,738.0
3,396,-214.0,-268.0
3,397,-253.0,738.0
3,405,-214.0,-268.0
3,409,-253.0,738.0
3,414,-214.0,-209.0
3,429,280.0,883.0
3,430,184.0,634.0
3,535,461.0,1197.0
3,557,437.0,513.0
3,558,461.0,1197.0
3,570,437.0,513.0
3,571,461.0,1197.0
3,575,619.0,881.0
3,641,569.0,980.0
3,792,569.0,862.0
3,999,569.0,921.0
4,0,-3915.0,-13383.0
4,1,-2637.0,-12209.0
4,2,-3464.0,-9485.0
4,3,-3896.0,-10582.0
4,5,-4475.0,-10522.0
4,6,-4254.0,-9408.0
4,8,-4475.0,-10522.0
4,9,-4404.0,-9348.0
4,11,-5502.0,-5904.0
4,12,-3132.0,-7644.0
4,13,-3017.0,-8185.0
4,17,-5069.0,-6740.0
4,19,-3016.0,-7078.0
4,21,-2760.0,-5855.0
4,22,-5069.0,-6740.0
4,23,-5412.0,-6591.0
4,24,-4160.0,-5432.0
4,25,-2760.0,-5855.0
4,29,-4856.0,-5581.0
4,31,-4274.0,-5573.0
4,32,-4856.0,-5581.0
4,33,-3472.0,-4407.0
4,34,-4491.0,-3507.0
4,35,-4394.0,-4350.0
4,36,-3472.0,-4407.0
4,41,-4028.0,-3211.0
4,42,-3472.0,-4407.0
4,45,-2767.0,-3692.0
4,46,-1845.0,-2874.0
4,48,-2767.0,-3692.0
4,49,-4184.0,-4258.0
4,51,-2299.0,-2002.0
4,54,-4028.0,-3211.0
4,55,-3121.0,-3191.0
4,58,-3751.0,-3065.0
4,59,-2735.0,-3055.0
4,63,-3121.0,-3191.0
4,66,-1217.0,-336.0
4,67,-2735.0,-3055.0
4,72,-1957.0,-1193.0
4,73,-1389.0,-2508.0
4,76,-2045.0,-1349.0
4,77,-2299.0,-2002.0
4,86,-2207.0,-2284.0
4,89,-2275.0,-2075.0
4,91,-2184.0,-1110.0
4,93,-1813.0,-852.0
4,96,-2045.0,-1408.0
4,97,-1010.0,-1985.0
4,98,-767.0,-1773.0
4,100,-1813.0,-852.0
4,102,-1010.0,-811.0
4,103,-767.0,-1773.0
4,105,-926.0,-175.0
4,106,-1449.0,-1442.0
4,110,-1127.0,-268.0
4,111,-1195.0,-1193.0
4,113,-821.0,-599.0
4,114,-1127.0,-268.0
4,116,-635.0,131.0
4,118,-1005.0,-267.0
4,123,-1010.0,-811.0
4,124,-1005.0,-267.0
4,136,-1005.0,775.0
4,142,-561.0,6.0
4,143,-868.0,-811.0
4,158,235.0,-599.0
4,159,-821.0,-599.0
4,177,402.0,-399.0
4,179,-623.0,82.0
4,199,-543.0,-658.0
4,205,-623.0,82.0
4,225,-543.0,-658.0
4,226,-623.0,82.0
4,229,-543.0,-658.0
4,231,-623.0,82.0
4,234,-543.0,-658.0
4,235,-623.0,82.0
4,238,-543.0,-658.0
4,239,-623.0,82.0
4,246,-543.0,-658.0
4,249,-623.0,82.0
4,252,-544.0,-283.0
4,253,-561.0,6.0
4,261,569.0,-194.0
4,263,569.0,980.0
4,264,-488.0,-283.0
4,332,-543.0,-540.0
4,334,-488.0,-283.0
4,353,-214.0,-268.0
4,354,-253.0,738.0
4,355,-214.0,-268.0
4,360,-253.0,738.0
4,362,-214.0,-268.0
4,365,-253.0,738.0
4,366,-214.0,-268.0
4,372,-253.0,738.0
4,373,-214.0,-268.0
4,380,-253.0,738.0
4,381,-214.0,-268.0
4,386,-253.0,738.0
4,387,-214.0,-268.0
4,388,-253.0,738.0
4,389,-214.0,-268.0
4,396,-253.0,738.0
4,397,-214.0,-268.0
4,405,-253.0,738.0
4,409,-214.0,-268.0
4,414,-253.0,738.0
4,427,280.0,883.0
4,429,-214.0,-209.0
4,448,-253.0,738.0
4,450,-214.0,-209.0
4,479,-253.0,748.0
4,480,-214.0,1014.0
4,484,28.0,23.0
4,533,461.0,1197.0
4,535,184.0,575.0
4,548,437.0,513.0
4,557,461.0,1197.0
4,558,437.0,513.0
4,570,461.0,1197.0
4,571,437.0,513.0
4,919,466.0,631.0
4,999,466.0,631.0
5,0,-4973.0,-15845.0
5,1,-5214.0,-11803.0
5,2,-4109.0,-11741.0
5,3,-2932.0,-11035.0
5,4,-4475.0,-10522.0
5,5,-4254.0,-9408.0
5,6,-4475.0,-10522.0
5,8,-4405.0,-10834.0
5,10,-5502.0,-5904.0
5,11,-3132.0,-7644.0
5,12,-4023.0,-8291.0
5,16,-5069.0,-6740.0
5,17,-3017.0,-8185.0
5,22,-5412.0,-6591.0
5,23,-5069.0,-6740.0
5,24,-2767.0,-6040.0
5,25,-3753.0,-6022.0
5,26,-4856.0,-5581.0
5,29,-4274.0,-5573.0
5,31,-4856.0,-5581.0
5,32,-4274.0,-5573.0
5,33,-4394.0,-4350.0
5,35,-4491.0,-3507.0
5,36,-4469.0,-4404.0
5,44,-2767.0,-3692.0
5,45,-1845.0,-2874.0
5,46,-4343.0,-4350.0
5,50,-2299.0,-2002.0
5,51,-4184.0,-4258.0
5,54,-3121.0,-3191.0
5,55,-4028.0,-3211.0
5,63,-1217.0,-336.0
5,66,-3121.0,-3191.0
5,67,-3121.0,-2017.0
5,71,-1957.0,-1193.0
5,72,-2735.0,-3055.0
5,73,-2421.0,-2523.0
5,74,-2421.0,-1349.0
5,76,-1389.0,-2508.0
5,78,-2428.0,-2448.0
5,83,-2391.0,-1985.0
5,85,-2207.0,-2284.0
5,86,-2299.0,-2002.0
5,87,-2299.0,-901.0
5,89,-2184.0,-1110.0
5,91,-2275.0,-2075.0
5,92,-1813.0,-852.0
5,93,-2184.0,-1110.0
5,95,-1010.0,-1985.0
5,97,-767.0,-1773.0
5,98,-1010.0,-1985.0
5,101,-1010.0,-811.0
5,102,-1813.0,-852.0
5,103,-1384.0,-1334.0
5,105,-767.0,-1773.0
5,111,-821.0,-599.0
5,113,-1195.0,-1193.0
5,115,-635.0,141.0
5,116,-1127.0,-268.0
5,141,-561.0,6.0
5,142,-1005.0,775.0
5,149,-895.0,-399.0
5,156,235.0,-599.0
5,158,-868.0,-811.0
5,176,402.0,-399.0
5,177,-821.0,-599.0
5,198,-543.0,-658.0
5,199,-623.0,82.0
5,205,-543.0,-658.0
5,225,-623.0,82.0
5,226,-543.0,-658.0
5,229,-623.0,82.0
5,231,-543.0,-658.0
5,234,-623.0,82.0
5,235,-543.0,-658.0
5,238,-623.0,82.0
5,239,-543.0,-658.0
5,246,-623.0,82.0
5,249,-543.0,-658.0
5,322,-543.0,-540.0
5,332,-488.0,-283.0
5,334,-543.0,-540.0
5,338,-545.0,92.0
5,339,-543.0,-540.0
5,340,-545.0,92.0
5,341,-543.0,-540.0
5,343,-545.0,92.0
5,344,-543.0,-540.0
5,345,-545.0,92.0
5,346,-543.0,-540.0
5,347,-545.0,82.0
5,351,-214.0,-268.0
5,353,-488.0,-283.0
5,362,-543.0,683.0
5,364,-488.0,-283.0
5,409,161.0,-350.0
5,423,90.0,883.0
5,426,280.0,883.0
5,427,-253.0,738.0
5,448,-214.0,-209.0
5,450,-253.0,738.0
5,479,-214.0,1014.0
5,480,-253.0,748.0
5,537,259.0,513.0
5,577,180.0,866.0
5,578,184.0,516.0
5,579,180.0,866.0
5,580,184.0,516.0
5,581,180.0,866.0
5,584,184.0,516.0
5,585,180.0,866.0
5,586,184.0,516.0
5,587,180.0,866.0
5,589,184.0,516.0
5,590,180.0,807.0
5,592,184.0,516.0
5,593,180.0,807.0
5,594,184.0,516.0
5,596,180.0,807.0
5,597,184.0,516.0
5,606,180.0,807.0
5,607,184.0,516.0
5,610,180.0,807.0
5,612,184.0,249.0
5,613,180.0,807.0
5,616,184.0,249.0
5,617,180.0,807.0
5,618,184.0,249.0
5,620,180.0,807.0
5,624,184.0,249.0
5,628,180.0,748.0
5,632,184.0,249.0
5,634,180.0,807.0
5,635,184.0,308.0
5,636,180.0,807.0
5,637,184.0,308.0
5,638,180.0,807.0
5,639,184.0,308.0
5,640,180.0,866.0
5,641,184.0,308.0
5,642,180.0,866.0
5,643,184.0,308.0
5,644,204.0,599.0
5,655,184.0,308.0
5,656,204.0,599.0
5,659,184.0,308.0
5,660,204.0,599.0
5,675,184.0,308.0
5,676,204.0,599.0
5,679,184.0,308.0
5,680,204.0,540.0
5,684,184.0,308.0
5,685,204.0,599.0
5,686,184.0,367.0
5,688,204.0,599.0
5,713,184.0,367.0
5,714,204.0,599.0
5,719,184.0,308.0
5,720,204.0,599.0
5,730,184.0,308.0
5,731,204.0,599.0
5,749,184.0,367.0
5,750,204.0,599.0
5,758,184.0,367.0
5,764,204.0,599.0
5,765,184.0,367.0
5,766,204.0,599.0
5,770,184.0,367.0
5,771,204.0,599.0
5,774,184.0,367.0
5,776,204.0,599.0
5,779,184.0,367.0
5,780,204.0,599.0
5,784,324.0,634.0
5,999,324.0,575.0
6,0,-5214.0,-11803.0
6,1,-4109.0,-11741.0
6,2,-4475.0,-10522.0
6,4,-2932.0,-11035.0
6,8,-5502.0,-7005.0
6,9,-5502.0,-5904.0
6,10,-3132.0,-7644.0
6,11,-4404.0,-9348.0
6,15,-5069.0,-6740.0
6,16,-4023.0,-8291.0
6,18,-1401.0,-7263.0
6,19,-5412.0,-6591.0
6,22,-1401.0,-7263.0
6,23,-2767.0,-6040.0
6,24,-3753.0,-6022.0
6,25,-4856.0,-5581.0
6,26,-2767.0,-6040.0
6,27,-3936.0,-5773.0
6,28,-4274.0,-5573.0
6,29,-2760.0,-5855.0
6,35,-4469.0,-4404.0
6,36,-4491.0,-3507.0
6,40,-2767.0,-3692.0
6,44,-1845.0,-2874.0
6,45,-2477.0,-2012.0
6,47,-2299.0,-2002.0
6,50,-3121.0,-3191.0
6,54,-4184.0,-4258.0
6,59,-2595.0,-1510.0
6,60,-1217.0,-336.0
6,63,-2421.0,-2523.0
6,65,-1911.0,-2367.0
6,70,-1957.0,-1193.0
6,71,-2421.0,-2523.0
6,73,-2853.0,-2017.0
6,77,-2428.0,-2448.0
6,78,-1389.0,-2508.0
6,81,-2391.0,-1985.0
6,83,-2428.0,-1225.0
6,84,-2207.0,-2284.0
6,85,-2391.0,-1985.0
6,87,-2428.0,-1225.0
6,88,-2302.0,-1881.0
6,94,-1010.0,-1985.0
6,95,-2184.0,-1110.0
6,101,-1384.0,-1334.0
6,103,-1813.0,-852.0
6,113,-635.0,141.0
6,115,-1195.0,-1193.0
6,131,-561.0,-1217.0
6,132,-1195.0,-1193.0
6,140,-561.0,6.0
6,141,-1127.0,-268.0
6,149,-1113.0,-1111.0
6,150,-982.0,-350.0
6,172,-982.0,824.0
6,175,402.0,-399.0
6,176,-868.0,-811.0
6,208,-868.0,231.0
6,215,-868.0,-870.0
6,224,-910.0,557.0
6,225,-868.0,-870.0
6,238,-839.0,-617.0
6,240,-868.0,-870.0
6,242,-784.0,-526.0
6,257,-761.0,648.0
6,258,-761.0,-526.0
6,295,-761.0,565.0
6,296,-761.0,-658.0
6,308,-583.0,-658.0
6,327,-596.0,575.0
6,337,-545.0,92.0
6,338,-543.0,-540.0
6,339,-545.0,92.0
6,340,-543.0,-540.0
6,341,-545.0,92.0
6,343,-543.0,-540.0
6,344,-545.0,92.0
6,345,-543.0,-540.0
6,346,-545.0,82.0
6,347,-543.0,-540.0
6,350,-214.0,-268.0
6,351,-543.0,-540.0
6,352,-545.0,82.0
6,355,-543.0,-540.0
6,356,-545.0,82.0
6,357,-543.0,683.0
6,358,-545.0,82.0
6,359,-543.0,683.0
6,360,-545.0,82.0
6,361,-543.0,683.0
6,362,-488.0,-283.0
6,364,-543.0,683.0
6,365,-545.0,82.0
6,366,-543.0,683.0
6,368,-545.0,82.0
6,369,-543.0,683.0
6,372,-545.0,82.0
6,373,-543.0,683.0
6,378,-545.0,82.0
6,379,-543.0,624.0
6,381,-545.0,82.0
6,383,-543.0,624.0
6,384,-545.0,82.0
6,385,-543.0,624.0
6,386,-545.0,82.0
6,387,-543.0,624.0
6,389,-545.0,82.0
6,390,-543.0,624.0
6,392,619.0,-550.0
6,395,-545.0,82.0
6,397,619.0,-550.0
6,400,-545.0,82.0
6,408,161.0,-350.0
6,409,-488.0,-342.0
6,458,-533.0,23.0
6,459,-488.0,-342.0
6,462,-524.0,-448.0
6,463,-488.0,-342.0
6,475,-524.0,-448.0
6,477,-488.0,-342.0
6,481,-524.0,-448.0
6,482,-488.0,-342.0
6,483,-524.0,-448.0
6,484,-488.0,-342.0
6,492,-524.0,-448.0
6,493,-488.0,-342.0
6,496,-524.0,-448.0
6,497,-488.0,-342.0
6,514,-505.0,-507.0
6,516,-488.0,-342.0
6,520,-505.0,-507.0
6,521,-488.0,-342.0
6,524,-505.0,-507.0
6,526,-488.0,-342.0
6,534,-30.0,832.0
6,535,259.0,513.0
6,537,-253.0,738.0
6,539,-30.0,832.0
6,569,128.0,516.0
6,576,180.0,866.0
6,577,184.0,516.0
6,578,180.0,866.0
6,579,184.0,516.0
6,580,180.0,866.0
6,581,128.0,516.0
6,584,180.0,866.0
6,585,184.0,516.0
6,586,180.0,866.0
6,587,184.0,516.0
6,589,180.0,807.0
6,590,184.0,516.0
6,592,180.0,807.0
6,593,184.0,516.0
6,595,180.0,807.0
6,596,184.0,516.0
6,597,180.0,807.0
6,600,128.0,516.0
6,601,180.0,807.0
6,606,184.0,516.0
6,607,180.0,807.0
6,610,184.0,516.0
6,612,180.0,807.0
6,613,184.0,249.0
6,616,180.0,807.0
6,617,184.0,249.0
6,618,180.0,807.0
6,620,128.0,516.0
6,621,184.0,249.0
6,624,180.0,748.0
6,628,184.0,249.0
6,632,180.0,807.0
6,634,184.0,308.0
6,635,180.0,807.0
6,636,184.0,308.0
6,637,180.0,807.0
6,638,184.0,308.0
6,639,180.0,807.0
6,640,184.0,308.0
6,641,180.0,866.0
6,642,184.0,308.0
6,643,204.0,599.0
6,644,184.0,308.0
6,655,204.0,599.0
6,656,184.0,308.0
6,659,204.0,599.0
6,660,184.0,308.0
6,668,146.0,634.0
6,669,184.0,308.0
6,675,204.0,599.0
6,676,184.0,308.0
6,679,204.0,540.0
6,680,184.0,308.0
6,681,146.0,634.0
6,683,184.0,308.0
6,684,204.0,599.0
6,685,184.0,308.0
6,686,204.0,599.0
6,688,184.0,367.0
6,713,204.0,599.0
6,714,184.0,367.0
6,719,204.0,599.0
6,720,184.0,308.0
6,730,204.0,599.0
6,731,184.0,308.0
6,732,146.0,634.0
6,734,184.0,308.0
6,749,204.0,599.0
6,750,184.0,367.0
6,758,204.0,599.0
6,764,184.0,367.0
6,765,204.0,599.0
6,766,184.0,367.0
6,770,204.0,599.0
6,771,184.0,367.0
6,774,204.0,599.0
6,776,184.0,367.0
6,779,204.0,599.0
6,780,184.0,367.0
6,781,146.0,634.0
6,782,184.0,367.0
6,783,324.0,634.0
6,784,204.0,540.0
6,788,184.0,367.0
6,789,204.0,540.0
6,801,184.0,308.0
6,802,204.0,540.0
6,808,184.0,308.0
6,810,204.0,540.0
6,813,184.0,308.0
6,815,204.0,540.0
6,821,184.0,308.0
6,822,204.0,540.0
6,824,184.0,308.0
6,826,204.0,540.0
6,827,184.0,308.0
6,828,204.0,540.0
6,834,184.0,308.0
6,835,204.0,540.0
6,836,184.0,308.0
6,837,204.0,540.0
6,842,184.0,308.0
6,843,204.0,540.0
6,848,184.0,308.0
6,849,204.0,540.0
6,856,184.0,308.0
6,857,204.0,540.0
6,858,184.0,308.0
6,859,204.0,540.0
6,874,184.0,308.0
6,875,204.0,540.0
6,879,184.0,308.0
6,881,204.0,540.0
6,888,184.0,308.0
6,889,204.0,540.0
6,891,184.0,308.0
6,893,204.0,540.0
6,894,184.0,308.0
6,897,204.0,540.0
6,899,184.0,308.0
6,901,204.0,540.0
6,916,184.0,249.0
6,918,204.0,481.0
6,919,184.0,249.0
6,920,204.0,481.0
6,921,184.0,249.0
6,923,204.0,481.0
6,925,184.0,249.0
6,928,204.0,481.0
6,934,184.0,249.0
6,935,204.0,481.0
6,938,184.0,249.0
6,939,204.0,481.0
6,940,184.0,308.0
6,941,204.0,481.0
6,947,184.0,308.0
6,948,204.0,481.0
6,950,184.0,308.0
6,951,204.0,481.0
6,954,184.0,308.0
6,956,204.0,540.0
6,961,184.0,308.0
6,962,204.0,540.0
6,972,184.0,308.0
6,973,204.0,599.0
6,975,184.0,308.0
6,976,204.0,599.0
6,977,184.0,308.0
6,999,204.0,224.0
7,0,-4857.0,-14990.0
7,1,-4475.0,-10522.0
7,2,-4067.0,-11205.0
7,4,-3132.0,-8867.0
7,5,-5502.0,-8179.0
7,8,-3132.0,-8867.0
7,9,-3132.0,-7644.0
7,10,-4405.0,-10834.0
7,11,-5836.0,-7782.0
7,12,-5069.0,-6740.0
7,15,-1401.0,-7263.0
7,18,-5412.0,-6591.0
7,19,-1401.0,-7263.0
7,22,-3753.0,-6022.0
7,24,-4856.0,-5581.0
7,25,-2767.0,-6040.0
7,26,-3936.0,-5773.0
7,27,-2767.0,-6040.0
7,28,-3753.0,-6022.0
7,30,-4469.0,-4404.0
7,35,-2760.0,-5855.0
7,36,-2767.0,-4866.0
7,37,-1400.0,-4725.0
7,39,-2767.0,-3692.0
7,40,-4491.0,-3507.0
7,42,-1845.0,-2874.0
7,44,-2477.0,-2012.0
7,45,-3472.0,-4407.0
7,46,-3121.0,-3191.0
7,50,-4343.0,-4350.0
7,51,-2965.0,-4340.0
7,55,-4087.0,-3507.0
7,57,-2595.0,-1451.0
7,59,-2421.0,-2523.0
7,63,-4028.0,-3527.0
7,64,-1911.0,-2367.0
7,65,-2421.0,-2523.0
7,71,-3121.0,-2017.0
7,72,-2853.0,-2017.0
7,73,-2735.0,-3055.0
7,74,-3036.0,-794.0
7,76,-2428.0,-2448.0
7,77,-2853.0,-2017.0
7,79,-2391.0,-1985.0
7,81,-1389.0,-2508.0
7,82,-2317.0,-1125.0
7,84,-2428.0,-1225.0
7,87,-2302.0,-1881.0
7,88,-2428.0,-1225.0
7,89,-2428.0,-2399.0
7,91,-2391.0,-1985.0
7,93,-1010.0,-1985.0
7,94,-2302.0,-1881.0
7,99,-1384.0,-1334.0
7,101,-2184.0,-1110.0
7,111,-1093.0,141.0
7,113,-1813.0,-852.0
7,121,-561.0,-1217.0
7,131,-1195.0,-1193.0
7,132,-561.0,-1217.0
7,139,-561.0,6.0
7,140,-1195.0,-1193.0
7,148,-982.0,-350.0
7,150,-1113.0,-1111.0
7,207,-1113.0,112.0
7,212,-946.0,557.0
7,224,-868.0,-870.0
7,225,-910.0,557.0
7,237,-839.0,-617.0
7,238,-868.0,-870.0
7,240,-839.0,-617.0
7,241,-784.0,-526.0
7,242,-868.0,-870.0
7,244,-839.0,-617.0
7,248,-868.0,-870.0
7,249,-839.0,-617.0
7,255,-868.0,-870.0
7,257,-839.0,-617.0
7,264,-881.0,4.0
7,266,-868.0,-811.0
7,268,-839.0,-617.0
7,272,-868.0,-811.0
7,273,-864.0,-617.0
7,277,-868.0,-811.0
7,279,-881.0,4.0
7,280,-864.0,-617.0
7,282,-881.0,4.0
7,283,-868.0,-811.0
7,284,-864.0,-617.0
7,285,-868.0,-811.0
7,286,-864.0,-617.0
7,287,-868.0,-811.0
7,289,-864.0,-676.0
7,290,-868.0,-811.0
7,291,-864.0,-676.0
7,292,-881.0,4.0
7,295,-864.0,-676.0
7,297,-868.0,-811.0
7,301,-864.0,-676.0
7,303,-881.0,-263.0
7,304,-868.0,-811.0
7,308,-864.0,-676.0
7,309,-881.0,-263.0
7,311,-868.0,-811.0
7,312,-864.0,-676.0
7,316,-881.0,-263.0
7,318,-864.0,-676.0
7,319,-868.0,-811.0
7,322,-864.0,-676.0
7,324,-881.0,-263.0
7,326,-596.0,575.0
7,327,-583.0,-658.0
7,336,-545.0,92.0
7,337,-596.0,575.0
7,344,-596.0,-599.0
7,346,-214.0,-268.0
7,350,-543.0,-540.0
7,351,-545.0,82.0
7,352,-543.0,-540.0
7,355,-545.0,82.0
7,356,-543.0,-540.0
7,357,-545.0,82.0
7,358,-543.0,683.0
7,359,-545.0,82.0
7,360,-543.0,683.0
7,361,-596.0,-599.0
7,362,-545.0,82.0
7,365,-543.0,683.0
7,366,-545.0,82.0
7,368,-543.0,683.0
7,369,-597.0,-589.0
7,370,-545.0,82.0
7,372,-543.0,683.0
7,373,-545.0,82.0
7,378,-543.0,624.0
7,379,-596.0,-599.0
7,380,-545.0,82.0
7,381,-543.0,624.0
7,383,-545.0,82.0
7,384,-543.0,624.0
7,385,-545.0,82.0
7,386,-543.0,624.0
7,387,-545.0,82.0
7,389,-543.0,624.0
7,390,-573.0,-589.0
7,393,-545.0,82.0
7,395,619.0,-550.0
7,397,-573.0,-589.0
7,398,-545.0,82.0
7,400,619.0,-550.0
7,405,161.0,-350.0
7,408,-545.0,82.0
7,410,-573.0,-589.0
7,412,-545.0,82.0
7,416,-596.0,-599.0
7,417,-545.0,82.0
7,431,-596.0,-599.0
7,434,-545.0,82.0
7,441,-524.0,-389.0
7,447,-545.0,82.0
7,448,-524.0,-389.0
7,450,-545.0,82.0
7,451,-524.0,-389.0
7,457,-533.0,23.0
7,458,-488.0,-342.0
7,459,-524.0,-448.0
7,462,-488.0,-342.0
7,463,-524.0,-448.0
7,470,-533.0,23.0
7,471,-524.0,-448.0
7,475,-488.0,-342.0
7,477,-524.0,-448.0
7,478,-533.0,23.0
7,479,-524.0,-448.0
7,481,-488.0,-342.0
7,482,-524.0,-448.0
7,483,-488.0,-342.0
7,484,-533.0,23.0
7,488,-524.0,-448.0
7,492,-488.0,-342.0
7,493,-524.0,-448.0
7,496,-488.0,-342.0
7,497,-524.0,-448.0
7,498,-533.0,23.0
7,499,-524.0,-448.0
7,501,-524.0,775.0
7,504,-533.0,23.0
7,506,-524.0,775.0
7,507,-533.0,23.0
7,508,-524.0,775.0
7,511,-505.0,-507.0
7,514,-488.0,-342.0
7,516,-505.0,-507.0
7,517,-533.0,23.0
7,518,-505.0,-507.0
7,520,-488.0,-342.0
7,521,-505.0,-507.0
7,524,-488.0,-342.0
7,526,-533.0,23.0
7,527,-505.0,-507.0
7,531,-533.0,23.0
7,532,-505.0,-507.0
7,533,-533.0,23.0
7,534,259.0,513.0
7,535,-30.0,832.0
7,539,-253.0,738.0
7,575,180.0,866.0
7,576,128.0,516.0
7,594,180.0,807.0
7,595,128.0,516.0
7,600,180.0,807.0
7,601,128.0,516.0
7,620,184.0,249.0
7,621,128.0,516.0
7,645,146.0,634.0
7,650,128.0,516.0
7,651,146.0,634.0
7,654,128.0,516.0
7,655,146.0,634.0
7,658,128.0,516.0
7,659,146.0,634.0
7,661,128.0,516.0
7,662,146.0,634.0
7,664,128.0,516.0
7,665,146.0,634.0
7,668,184.0,308.0
7,669,146.0,634.0
7,672,128.0,516.0
7,673,146.0,634.0
7,679,128.0,516.0
7,680,146.0,634.0
7,681,184.0,308.0
7,683,146.0,634.0
7,725,128.0,308.0
7,726,146.0,634.0
7,732,184.0,308.0
7,736,146.0,634.0
7,739,128.0,308.0
7,744,146.0,634.0
7,745,128.0,308.0
7,746,146.0,634.0
7,751,128.0,308.0
7,753,146.0,634.0
7,755,128.0,367.0
7,756,146.0,634.0
7,757,128.0,367.0
7,758,146.0,634.0
7,763,128.0,367.0
7,764,146.0,634.0
7,765,128.0,367.0
7,766,146.0,634.0
7,769,128.0,367.0
7,770,146.0,634.0
7,775,128.0,367.0
7,776,146.0,634.0
7,777,128.0,367.0
7,778,146.0,634.0
7,781,184.0,367.0
7,782,324.0,634.0
7,783,128.0,367.0
7,788,204.0,540.0
7,789,184.0,367.0
7,801,204.0,540.0
7,802,184.0,308.0
7,808,204.0,540.0
7,810,184.0,308.0
7,813,204.0,540.0
7,815,184.0,308.0
7,821,204.0,540.0
7,822,184.0,308.0
7,824,204.0,540.0
7,826,184.0,308.0
7,827,204.0,540.0
7,828,184.0,308.0
7,834,204.0,540.0
7,835,184.0,308.0
7,836,204.0,540.0
7,837,184.0,308.0
7,842,204.0,540.0
7,843,184.0,308.0
7,848,204.0,540.0
7,849,184.0,308.0
7,856,204.0,540.0
7,857,184.0,308.0
7,858,204.0,540.0
7,859,128.0,308.0
7,874,204.0,540.0
7,875,184.0,308.0
7,879,204.0,540.0
7,881,184.0,308.0
7,888,204.0,540.0
7,889,184.0,308.0
7,891,204.0,540.0
7,893,184.0,308.0
7,894,204.0,540.0
7,897,184.0,308.0
7,899,204.0,540.0
7,901,184.0,308.0
7,916,204.0,481.0
7,918,184.0,249.0
7,919,204.0,481.0
7,920,184.0,249.0
7,921,204.0,481.0
7,923,184.0,249.0
7,925,204.0,481.0
7,928,184.0,249.0
7,934,204.0,481.0
7,935,184.0,249.0
7,938,204.0,481.0
7,939,184.0,249.0
7,940,204.0,481.0
7,941,128.0,249.0
7,947,204.0,481.0
7,948,184.0,308.0
7,950,204.0,481.0
7,951,184.0,308.0
7,954,204.0,540.0
7,956,184.0,308.0
7,961,204.0,540.0
7,962,184.0,308.0
7,972,204.0,599.0
7,973,184.0,308.0
7,975,204.0,599.0
7,976,184.0,308.0
7,977,204.0,599.0
7,978,184.0,308.0
7,999,184.0,308.0
8,0,-4421.0,-11696.0
8,1,-5097.0,-14671.0
8,2,-5378.0,-14249.0
8,3,-5396.0,-13508.0
8,4,-5502.0,-8179.0
8,5,-3132.0,-8867.0
8,8,-3379.0,-10926.0
8,10,-5836.0,-7782.0
8,11,-5069.0,-6740.0
8,12,-1401.0,-7263.0
8,15,-5412.0,-6591.0
8,18,-4023.0,-8291.0
8,19,-4079.0,-7975.0
8,20,-3753.0,-6022.0
8,22,-4079.0,-7975.0
8,23,-1855.0,-6962.0
8,24,-3936.0,-5773.0
8,26,-3753.0,-6022.0
8,28,-2767.0,-6040.0
8,29,-4469.0,-5578.0
8,30,-3753.0,-6022.0
8,31,-2767.0,-6040.0
8,32,-3753.0,-6022.0
8,33,-2767.0,-6040.0
8,34,-2767.0,-4866.0
8,36,-1400.0,-4725.0
8,37,-2767.0,-4866.0
8,38,-2767.0,-3692.0
8,39,-4373.0,-4292.0
8,40,-1845.0,-2874.0
8,42,-2477.0,-3186.0
8,43,-2477.0,-2012.0
8,44,-4469.0,-4404.0
8,45,-4373.0,-4292.0
8,46,-4491.0,-3507.0
8,47,-4469.0,-4404.0
8,48,-3472.0,-4407.0
8,54,-4087.0,-3507.0
8,55,-2965.0,-4340.0
8,56,-2595.0,-1451.0
8,57,-4087.0,-3507.0
8,58,-2421.0,-2523.0
8,59,-4184.0,-4258.0
8,62,-1911.0,-2367.0
8,64,-3472.0,-3184.0
8,67,-2853.0,-2017.0
8,72,-3121.0,-2017.0
8,73,-3036.0,-794.0
8,74,-2670.0,-1257.0
8,75,-2428.0,-2448.0
8,76,-2735.0,-3055.0
8,77,-2391.0,-1985.0
8,79,-2853.0,-2017.0
8,80,-2317.0,-1125.0
8,82,-1389.0,-2508.0
8,86,-2302.0,-1881.0
8,87,-2391.0,-1985.0
8,91,-2428.0,-2399.0
8,97,-1384.0,-1334.0
8,99,-2302.0,-1881.0
8,107,-1093.0,141.0
8,111,-2172.0,-1169.0
8,114,-2302.0,-1881.0
8,115,-2172.0,-1169.0
8,124,-2089.0,-1485.0
8,131,-2089.0,-384.0
8,132,-1965.0,-870.0
8,136,-1775.0,-1762.0
8,164,-1775.0,-720.0
8,179,-1508.0,-710.0
8,187,-1364.0,-707.0
8,200,-1408.0,-335.0
8,201,-1364.0,-707.0
8,202,-1408.0,-335.0
8,203,-1364.0,-707.0
8,204,-1408.0,-335.0
8,205,-1364.0,-707.0
8,206,-1408.0,-335.0
8,207,-1364.0,-707.0
8,209,-1408.0,-335.0
8,210,-1364.0,-707.0
8,211,-946.0,557.0
8,212,-1113.0,112.0
8,215,-1059.0,-1062.0
8,221,-881.0,-1052.0
8,229,-988.0,-707.0
8,231,-881.0,-1052.0
8,232,-988.0,-707.0
8,237,-784.0,-526.0
8,241,-839.0,-617.0
8,244,-868.0,-870.0
8,248,-839.0,-617.0
8,249,-868.0,-870.0
8,255,-839.0,-617.0
8,257,-868.0,-870.0
8,261,-881.0,63.0
8,262,-868.0,-811.0
8,263,-881.0,4.0
8,264,-839.0,-617.0
8,265,-868.0,-811.0
8,266,-881.0,4.0
8,267,-839.0,-617.0
8,268,-868.0,-811.0
8,272,-864.0,-617.0
8,273,-881.0,4.0
8,276,-868.0,-811.0
8,277,-881.0,4.0
8,279,-864.0,-617.0
8,280,-868.0,-811.0
8,281,-881.0,4.0
8,282,-868.0,-811.0
8,283,-864.0,-617.0
8,284,-868.0,-811.0
8,285,-864.0,-617.0
8,286,-868.0,-811.0
8,287,-864.0,-617.0
8,289,-868.0,-811.0
8,290,-864.0,-676.0
8,291,-881.0,4.0
8,292,-868.0,-811.0
8,294,-864.0,-676.0
8,295,-868.0,-811.0
8,297,-881.0,4.0
8,299,-864.0,-676.0
8,301,-868.0,-811.0
8,302,-881.0,-263.0
8,303,-868.0,-811.0
8,304,-864.0,-676.0
8,308,-881.0,-263.0
8,309,-864.0,-676.0
8,310,-868.0,-811.0
8,311,-864.0,-676.0
8,312,-868.0,-811.0
8,314,-881.0,-263.0
8,316,-868.0,-811.0
8,317,-864.0,-676.0
8,318,-868.0,-811.0
8,319,-881.0,-263.0
8,320,-864.0,-676.0
8,322,-881.0,-263.0
8,324,-864.0,-676.0
8,325,-596.0,575.0
8,326,-868.0,-811.0
8,330,-864.0,-676.0
8,332,-868.0,-870.0
8,333,-864.0,-676.0
8,335,-545.0,92.0
8,336,-583.0,-658.0
8,345,-214.0,-268.0
8,346,-596.0,-599.0
8,361,-545.0,82.0
8,362,-597.0,-589.0
8,369,-545.0,82.0
8,370,-596.0,-599.0
8,379,-545.0,82.0
8,380,-596.0,-599.0
8,390,-545.0,82.0
8,391,-596.0,-599.0
8,392,-545.0,82.0
8,393,-573.0,-589.0
8,397,-545.0,82.0
8,398,-573.0,-589.0
8,411,-545.0,82.0
8,412,-596.0,-599.0
8,416,-545.0,82.0
8,417,-602.0,-589.0
8,431,-545.0,82.0
8,434,-602.0,-589.0
8,438,-524.0,-389.0
8,441,-545.0,82.0
8,442,-596.0,-599.0
8,443,-545.0,82.0
8,447,-524.0,-389.0
8,448,-545.0,82.0
8,450,-524.0,-389.0
8,451,-545.0,82.0
8,457,-524.0,-448.0
8,459,-533.0,23.0
8,470,-524.0,-448.0
8,471,-533.0,23.0
8,478,-524.0,-448.0
8,479,-533.0,23.0
8,484,-524.0,-448.0
8,488,-533.0,23.0
8,498,-524.0,-448.0
8,499,-533.0,23.0
8,504,-524.0,775.0
8,506,-533.0,23.0
8,507,-524.0,775.0
8,508,-533.0,23.0
8,517,-505.0,-507.0
8,518,-533.0,23.0
8,526,-505.0,-507.0
8,527,-533.0,23.0
8,531,-505.0,-507.0
8,532,-533.0,23.0
8,533,259.0,513.0
8,534,-505.0,-507.0
8,536,-533.0,23.0
8,538,-505.0,-507.0
8,542,-533.0,23.0
8,545,-505.0,-507.0
8,554,-533.0,23.0
8,555,-459.0,-507.0
8,568,290.0,-308.0
8,574,180.0,866.0
8,575,-253.0,738.0
8,642,146.0,634.0
8,645,128.0,516.0
8,650,146.0,634.0
8,651,128.0,516.0
8,654,146.0,634.0
8,655,128.0,516.0
8,658,146.0,634.0
8,659,128.0,516.0
8,661,146.0,634.0
8,662,128.0,516.0
8,664,146.0,634.0
8,665,128.0,516.0
8,672,146.0,634.0
8,673,128.0,516.0
8,679,146.0,634.0
8,718,128.0,308.0
8,725,146.0,634.0
8,726,128.0,308.0
8,734,146.0,634.0
8,736,128.0,308.0
8,739,146.0,634.0
8,744,128.0,308.0
8,745,146.0,634.0
8,746,128.0,308.0
8,751,146.0,634.0
8,753,128.0,367.0
8,755,146.0,634.0
8,756,128.0,367.0
8,757,146.0,634.0
8,758,128.0,367.0
8,763,146.0,634.0
8,764,128.0,367.0
8,765,146.0,634.0
8,766,128.0,367.0
8,769,146.0,634.0
8,770,128.0,367.0
8,775,146.0,634.0
8,776,128.0,367.0
8,777,146.0,634.0
8,778,128.0,367.0
8,841,128.0,634.0
8,842,128.0,367.0
8,861,128.0,249.0
8,999,128.0,308.0
9,0,-4833.0,-17729.0
9,1,-5378.0,-14249.0
9,2,-5884.0,-15028.0
9,3,-5612.0,-9370.0
9,4,-5519.0,-10311.0
9,5,-5519.0,-9088.0
9,6,-4779.0,-7914.0
9,11,-1401.0,-7263.0
9,12,-5836.0,-7782.0
9,14,-5412.0,-6591.0
9,15,-4404.0,-9348.0
9,16,-3711.0,-8370.0
9,19,-3765.0,-7196.0
9,20,-4079.0,-7975.0
9,22,-1855.0,-6962.0
9,23,-3936.0,-5773.0
9,24,-1855.0,-6962.0
9,25,-4637.0,-6801.0
9,28,-4469.0,-5578.0
9,29,-2767.0,-6040.0
9,31,-3753.0,-6022.0
9,32,-2767.0,-6040.0
9,33,-3753.0,-6022.0
9,34,-1400.0,-4725.0
9,36,-3568.0,-5515.0
9,38,-4373.0,-4292.0
9,39,-1735.0,-4048.0
9,40,-4373.0,-4292.0
9,41,-1225.0,-3551.0
9,42,-4373.0,-4292.0
9,45,-4491.0,-3507.0
9,46,-4469.0,-4404.0
9,47,-3472.0,-4407.0
9,48,-4491.0,-3507.0
9,52,-4087.0,-3507.0
9,54,-4469.0,-4404.0
9,55,-2595.0,-1451.0
9,56,-2965.0,-4340.0
9,57,-2879.0,-2323.0
9,58,-4087.0,-3507.0
9,59,-2965.0,-3166.0
9,60,-1911.0,-2367.0
9,62,-4184.0,-3084.0
9,63,-3472.0,-3184.0
9,64,-4028.0,-3527.0
9,66,-2853.0,-2017.0
9,67,-3472.0,-3184.0
9,73,-2670.0,-1257.0
9,74,-2735.0,-3055.0
9,76,-2391.0,-1985.0
9,77,-2735.0,-3055.0
9,79,-2402.0,-2348.0
9,80,-2853.0,-2017.0
9,83,-2302.0,-1881.0
9,86,-1389.0,-2508.0
9,95,-1384.0,-1334.0
9,97,-2428.0,-2399.0
9,106,-1093.0,141.0
9,107,-2302.0,-1881.0
9,114,-2172.0,-1169.0
9,115,-2302.0,-1881.0
9,119,-2428.0,-1225.0
9,120,-2302.0,-1881.0
9,125,-2287.0,-2044.0
9,126,-2302.0,-1881.0
9,128,-2287.0,-2044.0
9,129,-2302.0,-1881.0
9,131,-1965.0,-870.0
9,132,-2089.0,-384.0
9,134,-2089.0,-1485.0
9,143,-2089.0,-384.0
9,148,-2199.0,-1068.0
9,149,-918.0,-1881.0
9,162,-1876.0,-384.0
9,163,-918.0,-1881.0
9,164,-1876.0,-1558.0
9,166,-918.0,-1881.0
9,167,-1876.0,-1558.0
9,168,-918.0,-1881.0
9,170,-1876.0,-1558.0
9,172,-918.0,-1881.0
9,176,-1876.0,-1558.0
9,177,-918.0,-1881.0
9,179,-1876.0,-1558.0
9,181,-918.0,-1881.0
9,182,-1876.0,-1758.0
9,183,-918.0,-1881.0
9,184,-1876.0,-1758.0
9,185,-1364.0,-707.0
9,187,-1508.0,-651.0
9,191,-1408.0,-335.0
9,200,-1364.0,-707.0
9,201,-1408.0,-335.0
9,202,-1364.0,-707.0
9,203,-1408.0,-335.0
9,204,-1364.0,-707.0
9,205,-1408.0,-335.0
9,206,-1364.0,-707.0
9,207,-1408.0,-335.0
9,209,-1364.0,-707.0
9,210,-946.0,557.0
9,211,-1364.0,-707.0
9,216,-1076.0,-1044.0
9,227,-988.0,-707.0
9,229,-881.0,-1052.0
9,231,-988.0,-707.0
9,232,-881.0,-1052.0
9,234,-1076.0,-1044.0
9,236,-784.0,-526.0
9,237,-988.0,-707.0
9,238,-881.0,-1052.0
9,239,-988.0,-707.0
9,246,-1076.0,-1044.0
9,248,-988.0,-707.0
9,256,-881.0,63.0
9,261,-868.0,-870.0
9,262,-881.0,63.0
9,263,-868.0,-811.0
9,265,-839.0,-617.0
9,267,-881.0,4.0
9,273,-868.0,-811.0
9,276,-881.0,4.0
9,277,-864.0,-617.0
9,279,-868.0,-811.0
9,280,-881.0,4.0
9,281,-868.0,-811.0
9,282,-864.0,-617.0
9,283,-881.0,4.0
9,291,-868.0,-811.0
9,292,-864.0,-676.0
9,294,-868.0,-811.0
9,295,-881.0,4.0
9,297,-864.0,-676.0
9,299,-881.0,4.0
9,302,-868.0,-811.0
9,303,-864.0,-676.0
9,304,-881.0,-263.0
9,308,-868.0,-811.0
9,310,-864.0,-676.0
9,311,-881.0,-263.0
9,314,-868.0,-811.0
9,316,-864.0,-676.0
9,317,-868.0,-811.0
9,318,-881.0,-263.0
9,319,-864.0,-676.0
9,320,-881.0,-263.0
9,322,-542.0,-599.0
9,325,-868.0,-811.0
9,326,-881.0,-263.0
9,327,-864.0,-676.0
9,328,-881.0,-263.0
9,329,-864.0,-676.0
9,330,-868.0,-870.0
9,332,-864.0,-676.0
9,333,-868.0,-870.0
9,334,-545.0,92.0
9,335,-881.0,-263.0
9,337,-864.0,-676.0
9,338,-868.0,-870.0
9,343,-214.0,-327.0
9,345,-583.0,-658.0
9,354,-710.0,-85.0
9,357,-583.0,-648.0
9,358,-710.0,-85.0
9,361,-597.0,-589.0
9,362,-710.0,-85.0
9,363,-596.0,-599.0
9,365,-597.0,-389.0
9,366,-710.0,-85.0
9,367,-596.0,-599.0
9,375,-710.0,-85.0
9,376,-597.0,585.0
9,377,-573.0,-589.0
9,391,-545.0,82.0
9,392,-596.0,-599.0
9,395,-710.0,-85.0
9,396,-596.0,-599.0
9,410,-545.0,82.0
9,411,-573.0,-589.0
9,442,-545.0,82.0
9,443,-710.0,-85.0
9,444,-596.0,-599.0
9,449,-596.0,575.0
9,457,-710.0,-85.0
9,458,-542.0,-599.0
9,460,-596.0,575.0
9,463,-596.0,-467.0
9,467,-710.0,-85.0
9,468,-596.0,-467.0
9,497,-710.0,-85.0
9,498,-596.0,-467.0
9,514,-710.0,-352.0
9,517,-596.0,-467.0
9,532,259.0,513.0
9,533,-505.0,-507.0
9,534,-533.0,23.0
9,536,-596.0,-467.0
9,538,-533.0,23.0
9,542,-596.0,-467.0
9,546,-533.0,23.0
9,554,-459.0,-507.0
9,555,-533.0,23.0
9,565,290.0,-308.0
9,568,-442.0,-448.0
9,607,-545.0,82.0
9,612,-442.0,-448.0
9,625,-545.0,82.0
9,626,-442.0,-448.0
9,630,-545.0,82.0
9,631,-442.0,-448.0
9,641,146.0,634.0
9,642,-253.0,738.0
9,829,-442.0,-458.0
9,830,-253.0,738.0
9,999,-253.0,748.0
10,0,-5782.0,-10529.0
10,3,-5519.0,-10311.0
10,4,-5191.0,-11735.0
10,6,-3711.0,-9593.0
10,10,-1401.0,-7263.0
10,11,-4405.0,-10834.0
10,12,-3711.0,-9593.0
10,15,-3711.0,-8370.0
10,16,-4404.0,-9348.0
10,17,-3020.0,-8174.0
10,22,-5474.0,-7205.0
10,23,-4079.0,-7975.0
10,24,-4637.0,-6801.0
10,25,-1855.0,-6962.0
10,29,-1400.0,-4725.0
10,34,-3568.0,-5515.0
10,36,-2168.0,-5222.0
10,37,-1735.0,-4048.0
10,39,-4112.0,-4681.0
10,40,-1225.0,-3551.0
10,41,-4373.0,-4292.0
10,42,-4491.0,-3507.0
10,45,-4469.0,-4404.0
10,46,-3472.0,-4407.0
10,47,-4491.0,-3507.0
10,48,-4469.0,-4404.0
10,51,-4112.0,-3507.0
10,52,-4491.0,-3507.0
10,53,-4469.0,-4404.0
10,54,-2619.0,-2674.0
10,55,-3472.0,-4407.0
10,56,-3057.0,-2323.0
10,57,-2965.0,-4340.0
10,58,-2965.0,-3166.0
10,59,-4087.0,-3507.0
10,61,-3526.0,-3191.0
10,63,-4184.0,-3084.0
10,65,-2853.0,-2017.0
10,66,-4028.0,-3527.0
10,70,-2950.0,-2431.0
10,73,-3472.0,-3184.0
10,76,-2402.0,-2348.0
10,79,-2735.0,-3055.0
10,81,-2302.0,-1881.0
10,83,-2853.0,-2017.0
10,102,-2611.0,-833.0
10,104,-1129.0,-1033.0
10,106,-2428.0,-2399.0
10,117,-2428.0,-1225.0
10,119,-2302.0,-1881.0
10,120,-2428.0,-1225.0
10,123,-2343.0,-1728.0
10,124,-2287.0,-2044.0
10,125,-2302.0,-1881.0
10,126,-2428.0,-2326.0
10,127,-2287.0,-2044.0
10,128,-2302.0,-1881.0
10,129,-2287.0,-2044.0
10,131,-2302.0,-1881.0
10,140,-2199.0,-2242.0
10,146,-2302.0,-1881.0
10,147,-2199.0,-1068.0
10,148,-918.0,-1881.0
10,149,-2199.0,-1068.0
10,150,-2089.0,-384.0
10,152,-2199.0,-1068.0
10,154,-2089.0,-384.0
10,156,-2145.0,-1384.0
10,158,-2089.0,-384.0
10,161,-1876.0,-384.0
10,162,-918.0,-1881.0
10,163,-1876.0,-384.0
10,164,-918.0,-1881.0
10,166,-1876.0,-1558.0
10,167,-918.0,-1881.0
10,168,-1876.0,-1558.0
10,170,-918.0,-1881.0
10,172,-1876.0,-1558.0
10,176,-918.0,-1881.0
10,177,-1876.0,-1558.0
10,179,-918.0,-1881.0
10,181,-1876.0,-1558.0
10,182,-918.0,-1881.0
10,183,-1876.0,-1758.0
10,184,-1364.0,-707.0
10,185,-1876.0,-1758.0
10,215,-1076.0,-1044.0
10,216,-1364.0,-707.0
10,226,-988.0,-707.0
10,227,-1076.0,-1044.0
10,234,-784.0,-526.0
10,236,-1076.0,-1044.0
10,237,-881.0,-1052.0
10,238,-988.0,-707.0
10,239,-1076.0,-1044.0
10,240,-881.0,-1052.0
10,241,-1076.0,-1044.0
10,242,-881.0,-1052.0
10,245,-1076.0,-1044.0
10,246,-988.0,-707.0
10,248,-1076.0,-1044.0
10,253,-881.0,122.0
10,256,-988.0,-707.0
10,261,-1076.0,-1044.0
10,263,-988.0,-707.0
10,269,-1076.0,-1044.0
10,272,-988.0,-707.0
10,303,-1106.0,-1082.0
10,304,-988.0,-648.0
10,311,-988.0,575.0
10,320,-542.0,-599.0
10,322,-868.0,-811.0
10,325,-864.0,-676.0
10,327,-881.0,-263.0
10,328,-864.0,-676.0
10,329,-881.0,-263.0
10,332,-545.0,92.0
10,334,-881.0,-263.0
10,335,-864.0,-676.0
10,337,-868.0,-870.0
10,338,-881.0,-263.0
10,339,-864.0,-676.0
10,340,-214.0,-327.0
10,343,-864.0,-676.0
10,344,-868.0,231.0
10,346,-710.0,-85.0
10,354,-583.0,-658.0
10,357,-710.0,-85.0
10,358,-597.0,-589.0
10,361,-710.0,-85.0
10,362,-596.0,-599.0
10,363,-710.0,-85.0
10,366,-596.0,-599.0
10,367,-710.0,-85.0
10,375,-597.0,-589.0
10,376,-710.0,-85.0
10,386,-839.0,-676.0
10,387,-710.0,-85.0
10,395,-596.0,-599.0
10,396,-710.0,-85.0
10,405,-881.0,-204.0
10,406,-710.0,-85.0
10,440,-839.0,-676.0
10,441,-710.0,-85.0
10,443,-596.0,-599.0
10,444,-710.0,-85.0
10,457,-542.0,-599.0
10,458,-710.0,-85.0
10,467,-596.0,-467.0
10,468,-710.0,-85.0
10,470,-858.0,-661.0
10,472,-710.0,-85.0
10,497,-596.0,-467.0
10,498,-710.0,-85.0
10,502,-710.0,-352.0
10,514,-596.0,-467.0
10,517,-710.0,-352.0
10,530,330.0,-661.0
10,531,259.0,513.0
10,532,-596.0,-467.0
10,545,-533.0,23.0
10,546,-596.0,-467.0
10,551,-710.0,-85.0
10,553,-596.0,-467.0
10,563,290.0,-308.0
10,565,-533.0,23.0
10,573,-596.0,-467.0
10,574,-545.0,82.0
10,580,-596.0,-467.0
10,582,-545.0,82.0
10,588,-596.0,-467.0
10,589,-545.0,82.0
10,594,-596.0,-467.0
10,595,-545.0,82.0
10,605,-596.0,-467.0
10,606,-545.0,82.0
10,607,-442.0,-448.0
10,608,-596.0,-467.0
10,611,-442.0,-448.0
10,612,-545.0,82.0
10,615,-596.0,-467.0
10,616,-545.0,82.0
10,620,-596.0,-467.0
10,621,-545.0,82.0
10,625,-442.0,-448.0
10,626,-545.0,82.0
10,630,-442.0,-448.0
10,631,-596.0,634.0
10,632,-545.0,82.0
10,634,-596.0,634.0
10,635,-545.0,82.0
10,638,592.0,-540.0
10,639,-545.0,82.0
10,640,146.0,634.0
10,641,-442.0,-458.0
10,649,-545.0,82.0
10,651,-442.0,-458.0
10,674,-545.0,82.0
10,676,-442.0,-458.0
10,680,-545.0,82.0
10,681,-442.0,-458.0
10,692,-545.0,82.0
10,693,-442.0,-458.0
10,695,-545.0,82.0
10,696,-442.0,-458.0
10,700,-533.0,23.0
10,701,-442.0,-458.0
10,703,-533.0,23.0
10,704,-442.0,-458.0
10,705,-533.0,23.0
10,707,-442.0,-458.0
10,713,-533.0,23.0
10,716,-442.0,-458.0
10,724,-533.0,23.0
10,725,-442.0,-458.0
10,732,-533.0,23.0
10,733,-442.0,-458.0
10,739,-533.0,23.0
10,742,-442.0,-458.0
10,746,-533.0,23.0
10,748,-442.0,-458.0
10,775,-533.0,23.0
10,776,-493.0,-458.0
10,779,-533.0,23.0
10,780,-493.0,-458.0
10,782,-533.0,23.0
10,783,-493.0,-458.0
10,786,-533.0,23.0
10,787,-493.0,-458.0
10,799,-533.0,33.0
10,800,-442.0,-458.0
10,804,-533.0,33.0
10,806,-442.0,-458.0
10,813,-533.0,33.0
10,815,-442.0,-458.0
10,826,-533.0,33.0
10,827,-442.0,-458.0
10,829,-253.0,738.0
10,830,-442.0,-458.0
10,838,-479.0,48.0
10,839,-456.0,-399.0
10,840,-479.0,48.0
10,841,-456.0,-399.0
10,842,-479.0,48.0
10,843,-456.0,-399.0
10,846,-479.0,48.0
10,847,-456.0,-399.0
10,849,-479.0,48.0
10,850,-456.0,-399.0
10,851,-479.0,48.0
10,852,-442.0,-458.0
10,857,-479.0,48.0
10,858,-442.0,-458.0
10,860,-479.0,48.0
10,861,-476.0,-458.0
10,863,-479.0,48.0
10,865,-476.0,-458.0
10,866,-479.0,48.0
10,869,-451.0,-448.0
10,870,-479.0,48.0
10,873,-451.0,-448.0
10,878,-479.0,48.0
10,879,-451.0,-448.0
10,880,-479.0,48.0
10,881,-451.0,-448.0
10,892,-479.0,48.0
10,893,-451.0,-448.0
10,896,-479.0,48.0
10,898,-451.0,-448.0
10,900,-479.0,48.0
10,902,-451.0,-448.0
10,903,-479.0,48.0
10,904,-451.0,-448.0
10,915,-479.0,48.0
10,919,-451.0,-448.0
10,922,-479.0,48.0
10,923,-451.0,-448.0
10,927,-479.0,48.0
10,928,-451.0,-448.0
10,929,-479.0,48.0
10,930,-451.0,-448.0
10,931,-479.0,48.0
10,933,-451.0,-448.0
10,934,-479.0,48.0
10,935,-451.0,-458.0
10,939,-491.0,107.0
10,940,-417.0,-458.0
10,941,-491.0,107.0
10,942,-417.0,-458.0
10,943,-491.0,107.0
10,947,-417.0,-458.0
10,953,-491.0,107.0
10,956,-417.0,-458.0
10,961,-491.0,107.0
10,962,-417.0,-458.0
10,963,-491.0,107.0
10,964,-417.0,-458.0
10,969,-491.0,107.0
10,970,-417.0,-458.0
10,974,-491.0,107.0
10,976,-417.0,-458.0
10,977,-491.0,107.0
10,978,-417.0,-458.0
10,980,-491.0,107.0
10,982,-417.0,-458.0
10,985,-441.0,716.0
10,986,-441.0,-458.0
10,987,-491.0,97.0
10,988,-441.0,-458.0
10,991,-491.0,97.0
10,992,-441.0,-458.0
10,993,-491.0,97.0
10,994,-441.0,-458.0
10,995,-491.0,97.0
10,996,-441.0,-458.0
10,997,-491.0,97.0
10,999,-491.0,97.0
11,0,-3121.0,-16413.0
11,1,-5231.0,-12693.0
11,2,-5312.0,-11519.0
11,3,-5219.0,-12051.0
11,4,-3711.0,-10752.0
11,6,-5191.0,-11735.0
11,7,-6028.0,-10512.0
11,9,-4735.0,-9411.0
11,10,-3711.0,-9593.0
11,12,-5397.0,-10776.0
11,17,-5313.0,-10313.0
11,18,-5184.0,-9602.0
11,19,-5143.0,-9154.0
11,20,-5474.0,-8379.0
11,21,-5474.0,-7205.0
11,22,-3639.0,-7863.0
11,24,-1639.0,-7000.0
11,26,-1400.0,-5826.0
11,28,-1400.0,-4725.0
11,29,-3639.0,-6689.0
11,30,-3568.0,-5515.0
11,34,-3753.0,-6022.0
11,35,-2168.0,-5222.0
11,36,-4112.0,-4681.0
11,39,-1225.0,-3551.0
11,40,-4112.0,-4681.0
11,48,-3753.0,-4799.0
11,49,-4112.0,-3507.0
11,51,-4469.0,-4404.0
11,53,-3340.0,-2733.0
11,54,-3472.0,-4407.0
11,55,-3057.0,-2323.0
11,56,-3472.0,-4407.0
11,57,-4469.0,-4404.0
11,58,-3472.0,-4407.0
11,60,-4469.0,-3181.0
11,61,-3472.0,-3184.0
11,64,-2853.0,-2017.0
11,65,-4184.0,-3084.0
11,69,-2950.0,-2431.0
11,70,-2895.0,-3794.0
11,71,-3729.0,-3522.0
11,72,-2895.0,-3794.0
11,74,-2402.0,-2348.0
11,76,-3472.0,-3184.0
11,98,-3542.0,-3284.0
11,99,-3472.0,-3184.0
11,107,-3010.0,-2193.0
11,110,-2895.0,-2571.0
11,114,-3010.0,-2193.0
11,115,-2895.0,-2571.0
11,120,-3010.0,-2193.0
11,121,-2895.0,-2571.0
11,122,-2343.0,-1728.0
11,123,-2428.0,-1225.0
11,125,-2428.0,-2326.0
11,126,-2287.0,-2044.0
11,127,-2428.0,-2326.0
11,136,-2199.0,-2242.0
11,138,-2428.0,-2326.0
11,139,-2199.0,-2242.0
11,140,-2302.0,-1881.0
11,144,-2428.0,-2326.0
11,145,-2302.0,-1881.0
11,146,-2199.0,-1068.0
11,147,-918.0,-1881.0
11,148,-2089.0,-384.0
11,150,-2199.0,-1068.0
11,152,-2089.0,-384.0
11,154,-2199.0,-1068.0
11,155,-2145.0,-1384.0
11,156,-2089.0,-384.0
11,158,-2133.0,-1443.0
11,175,-2133.0,-269.0
11,178,-2156.0,-1443.0
11,208,-2282.0,-2267.0
11,209,-2156.0,-1443.0
11,212,-1076.0,-1044.0
11,215,-1876.0,-1758.0
11,233,-784.0,-526.0
11,234,-881.0,-1052.0
11,237,-1076.0,-1044.0
11,239,-881.0,-1052.0
11,240,-1076.0,-1044.0
11,241,-881.0,-1052.0
11,242,-1076.0,-1044.0
11,245,-881.0,-1052.0
11,253,-1076.0,-1044.0
11,261,-988.0,-707.0
11,263,-1076.0,-1044.0
11,269,-988.0,-707.0
11,270,-1106.0,-1082.0
11,271,-988.0,-707.0
11,272,-1076.0,-1044.0
11,278,-1076.0,57.0
11,280,-1106.0,-1082.0
11,281,-1076.0,57.0
11,284,-1106.0,-1082.0
11,303,-988.0,-648.0
11,304,-1106.0,-1082.0
11,329,-545.0,92.0
11,332,-881.0,-263.0
11,334,-868.0,-870.0
11,337,-881.0,-263.0
11,338,-864.0,-676.0
11,339,-214.0,-327.0
11,340,-881.0,-263.0
11,342,-864.0,-676.0
11,343,-868.0,-870.0
11,344,-881.0,-263.0
11,346,-864.0,-676.0
11,349,-881.0,-263.0
11,350,-864.0,-676.0
11,353,-881.0,-263.0
11,354,-864.0,-676.0
11,355,-881.0,-263.0
11,356,-864.0,-676.0
11,357,-881.0,-263.0
11,359,-864.0,-676.0
11,363,-881.0,-263.0
11,364,-864.0,-676.0
11,366,-881.0,-263.0
11,368,-864.0,-676.0
11,370,-881.0,-263.0
11,371,-839.0,-676.0
11,380,-881.0,-263.0
11,381,-839.0,-676.0
11,382,-881.0,-263.0
11,383,-839.0,-676.0
11,386,-710.0,-85.0
11,387,-881.0,-263.0
11,388,-839.0,-676.0
11,392,-881.0,-204.0
11,393,-839.0,-676.0
11,398,-881.0,-204.0
11,400,-839.0,-676.0
11,401,-881.0,-204.0
11,402,-839.0,-676.0
11,404,-881.0,-204.0
11,405,-710.0,-85.0
11,406,-839.0,-676.0
11,411,-881.0,-204.0
11,413,-839.0,-676.0
11,416,-881.0,-204.0
11,420,-839.0,-676.0
11,424,-881.0,63.0
11,425,-839.0,-676.0
11,426,-881.0,63.0
11,427,-839.0,-676.0
11,428,-881.0,63.0
11,429,-839.0,-676.0
11,440,-710.0,-85.0
11,441,-853.0,498.0
11,442,-881.0,63.0
11,443,-853.0,498.0
11,447,-881.0,63.0
11,448,-881.0,-204.0
11,449,-853.0,498.0
11,450,-881.0,-204.0
11,451,-853.0,498.0
11,453,-881.0,-204.0
11,454,-853.0,498.0
11,456,-881.0,-204.0
11,457,-853.0,498.0
11,458,-881.0,-204.0
11,459,-858.0,-661.0
11,460,-881.0,-204.0
11,461,-858.0,-661.0
11,465,-881.0,-204.0
11,469,-858.0,-661.0
11,470,-710.0,-85.0
11,472,-858.0,-661.0
11,475,-881.0,-204.0
11,476,-858.0,-661.0
11,483,-881.0,-204.0
11,488,-858.0,-661.0
11,491,-881.0,-204.0
11,493,-858.0,-661.0
11,494,-881.0,-204.0
11,495,-858.0,-661.0
11,496,-881.0,-204.0
11,497,-858.0,-661.0
11,499,-881.0,-204.0
11,500,-858.0,-661.0
11,503,-881.0,-204.0
11,504,-858.0,-661.0
11,513,-881.0,-204.0
11,515,-858.0,-661.0
11,516,-881.0,-263.0
11,517,-858.0,-661.0
11,518,-881.0,-204.0
11,520,-858.0,-661.0
11,521,-881.0,-204.0
11,522,-858.0,513.0
11,527,-881.0,-204.0
11,528,330.0,-661.0
11,530,-710.0,-352.0
11,537,-710.0,-85.0
11,548,-881.0,-204.0
11,549,-710.0,-85.0
11,551,-596.0,-467.0
11,553,-710.0,-85.0
11,562,290.0,-308.0
11,563,-596.0,-467.0
11,568,-710.0,-85.0
11,569,-596.0,-467.0
11,573,-545.0,82.0
11,574,-710.0,-26.0
11,575,-596.0,-467.0
11,580,-545.0,82.0
11,582,-710.0,-26.0
11,583,-596.0,-467.0
11,588,-545.0,82.0
11,589,-596.0,-467.0
11,590,-710.0,-26.0
11,592,-596.0,-467.0
11,594,-545.0,82.0
11,595,-596.0,-467.0
11,598,-710.0,-26.0
11,599,-596.0,-467.0
11,605,-545.0,82.0
11,606,-596.0,-467.0
11,608,-442.0,-448.0
11,611,-710.0,-293.0
11,614,-596.0,-467.0
11,615,-545.0,82.0
11,616,-596.0,-467.0
11,620,-545.0,82.0
11,621,-596.0,-467.0
11,622,-710.0,-352.0
11,624,-596.0,634.0
11,631,-545.0,82.0
11,632,-596.0,634.0
11,634,-545.0,82.0
11,635,-596.0,634.0
11,637,592.0,-540.0
11,638,-545.0,82.0
11,639,592.0,-540.0
11,640,-545.0,82.0
11,649,-442.0,-458.0
11,651,-545.0,82.0
11,674,-442.0,-458.0
11,676,-545.0,82.0
11,677,-710.0,-352.0
11,678,-545.0,82.0
11,680,-442.0,-458.0
11,681,-545.0,82.0
11,692,-442.0,-458.0
11,693,-545.0,82.0
11,695,-442.0,-458.0
11,696,-545.0,82.0
11,700,-442.0,-458.0
11,701,-533.0,23.0
11,703,-442.0,-458.0
11,704,-533.0,23.0
11,705,-442.0,-458.0
11,707,-533.0,23.0
11,713,-710.0,-352.0
11,714,-442.0,-458.0
11,716,-533.0,23.0
11,717,-710.0,-352.0
11,718,-533.0,23.0
11,724,-442.0,-458.0
11,725,-533.0,23.0
11,732,-442.0,-458.0
11,733,-533.0,23.0
11,739,-442.0,-458.0
11,742,-533.0,23.0
11,746,-442.0,-458.0
11,748,-533.0,23.0
11,775,-442.0,-458.0
11,776,-533.0,23.0
11,779,-493.0,-458.0
11,780,-533.0,23.0
11,782,-493.0,-458.0
11,783,-533.0,23.0
11,786,-493.0,-458.0
11,787,-533.0,23.0
11,789,-724.0,-673.0
11,790,-533.0,23.0
11,799,-442.0,-458.0
11,800,-533.0,33.0
11,804,-442.0,-458.0
11,806,-533.0,33.0
11,813,-724.0,-673.0
11,814,-442.0,-458.0
11,815,-533.0,33.0
11,826,-442.0,-458.0
11,827,-533.0,33.0
11,836,-533.0,1207.0
11,837,-479.0,48.0
11,838,-456.0,-399.0
11,839,-479.0,48.0
11,840,-456.0,-399.0
11,841,-479.0,48.0
11,842,-456.0,-399.0
11,843,-479.0,48.0
11,846,-456.0,-399.0
11,847,-479.0,48.0
11,849,-456.0,-399.0
11,850,-479.0,48.0
11,851,-442.0,-458.0
11,852,-479.0,48.0
11,857,-442.0,-458.0
11,858,-479.0,48.0
11,860,-476.0,-458.0
11,861,-479.0,48.0
11,863,-476.0,-458.0
11,865,-479.0,48.0
11,866,-451.0,-458.0
11,869,-479.0,48.0
11,870,-451.0,-448.0
11,873,-479.0,48.0
11,878,-451.0,-448.0
11,879,-479.0,48.0
11,880,-451.0,-448.0
11,881,-479.0,48.0
11,892,-451.0,-448.0
11,893,-479.0,48.0
11,896,-451.0,-448.0
11,898,-479.0,48.0
11,900,-451.0,-448.0
11,902,-479.0,48.0
11,903,-451.0,-448.0
11,904,-479.0,48.0
11,915,-451.0,-448.0
11,919,-479.0,48.0
11,922,-451.0,-448.0
11,923,-479.0,48.0
11,927,-451.0,-448.0
11,928,-479.0,48.0
11,929,-451.0,-448.0
11,930,-479.0,48.0
11,931,-451.0,-448.0
11,933,-479.0,48.0
11,934,-451.0,-458.0
11,935,-491.0,107.0
11,939,-451.0,-458.0
11,940,-491.0,107.0
11,941,-417.0,-458.0
11,942,-491.0,107.0
11,943,-417.0,-458.0
11,947,-491.0,107.0
11,953,-417.0,-458.0
11,956,-491.0,107.0
11,958,-724.0,758.0
11,960,-491.0,107.0
11,961,-417.0,-458.0
11,962,-491.0,107.0
11,963,-417.0,-458.0
11,964,-491.0,107.0
11,969,-417.0,-458.0
11,970,-491.0,107.0
11,974,-417.0,-458.0
11,976,-491.0,107.0
11,977,-417.0,-458.0
11,978,-491.0,107.0
11,980,-417.0,-458.0
11,982,-491.0,107.0
11,987,-441.0,-458.0
11,988,-673.0,-416.0
11,990,-491.0,97.0
11,991,-441.0,-458.0
11,992,-491.0,97.0
11,993,-441.0,-458.0
11,994,-491.0,97.0
11,995,-441.0,-458.0
11,996,-491.0,97.0
11,997,-441.0,-458.0
11,999,-441.0,-458.0
12,0,-5151.0,-14138.0
12,1,-5219.0,-12051.0
12,3,-5884.0,-15028.0
12,4,-5758.0,-13854.0
12,8,-4840.0,-13640.0
12,9,-3719.0,-13153.0
12,12,-3641.0,-12563.0
12,13,-4829.0,-11340.0
12,16,-5313.0,-10313.0
12,17,-5184.0,-9602.0
12,18,-5143.0,-9154.0
12,19,-5474.0,-8379.0
12,20,-4891.0,-9037.0
12,21,-3639.0,-7863.0
12,22,-3020.0,-8174.0
12,23,-1639.0,-7000.0
12,24,-3639.0,-6689.0
12,29,-1855.0,-6962.0
12,31,-2168.0,-5222.0
12,35,-3753.0,-6022.0
12,45,-2809.0,-6061.0
12,46,-3753.0,-4799.0
12,48,-4112.0,-3507.0
12,49,-3753.0,-4799.0
12,51,-3799.0,-3625.0
12,53,-3113.0,-3497.0
12,55,-4469.0,-4404.0
12,57,-3472.0,-4407.0
12,58,-4469.0,-3181.0
12,60,-3472.0,-3184.0
12,61,-4469.0,-2007.0
12,62,-3729.0,-3522.0
12,68,-2950.0,-2431.0
12,69,-3729.0,-3522.0
12,71,-2895.0,-3794.0
12,72,-3729.0,-3522.0
12,73,-2402.0,-2348.0
12,74,-2895.0,-3794.0
12,92,-3781.0,-2110.0
12,95,-3542.0,-3284.0
12,98,-3472.0,-3184.0
12,99,-3542.0,-3284.0
12,109,-2895.0,-2571.0
12,110,-3010.0,-2193.0
12,114,-2895.0,-2571.0
12,115,-3010.0,-2193.0
12,120,-2895.0,-2571.0
12,121,-3010.0,-2193.0
12,135,-2199.0,-2242.0
12,136,-2428.0,-2326.0
12,138,-2199.0,-2242.0
12,139,-2428.0,-2326.0
12,144,-2302.0,-1881.0
12,145,-2428.0,-2326.0
12,183,-2282.0,-2267.0
12,208,-2156.0,-1443.0
12,209,-1005.0,-2267.0
12,210,-1076.0,-1044.0
12,212,-2156.0,-1443.0
12,231,-772.0,-1808.0
12,233,-1848.0,-1758.0
12,255,-1748.0,-1442.0
12,263,-1692.0,-268.0
12,265,-1691.0,-1111.0
12,268,-1106.0,-1082.0
12,270,-988.0,-707.0
12,271,-1106.0,-1082.0
12,280,-1076.0,57.0
12,281,-1106.0,-1082.0
12,284,-1076.0,57.0
12,285,-1076.0,-1117.0
12,328,-545.0,92.0
12,329,-1098.0,-1127.0
12,338,-214.0,-327.0
12,339,-881.0,-263.0
12,340,-864.0,-676.0
12,342,-881.0,-263.0
12,344,-864.0,-676.0
12,346,-881.0,-263.0
12,349,-864.0,-676.0
12,350,-881.0,-263.0
12,353,-864.0,-676.0
12,354,-881.0,-263.0
12,355,-864.0,-676.0
12,356,-881.0,-263.0
12,357,-864.0,-676.0
12,359,-881.0,-263.0
12,363,-864.0,-676.0
12,364,-881.0,-263.0
12,366,-864.0,-676.0
12,368,-881.0,-263.0
12,370,-864.0,-676.0
12,371,-881.0,-263.0
12,380,-839.0,-676.0
12,381,-881.0,-263.0
12,382,-839.0,-676.0
12,383,-881.0,-263.0
12,387,-839.0,-676.0
12,388,-881.0,-263.0
12,389,-1076.0,-1117.0
12,390,-881.0,-204.0
12,392,-839.0,-676.0
12,393,-881.0,-204.0
12,398,-839.0,-676.0
12,400,-881.0,-204.0
12,401,-839.0,-676.0
12,402,-881.0,-204.0
12,404,-839.0,-676.0
12,406,-881.0,-204.0
12,411,-839.0,-676.0
12,413,-881.0,-204.0
12,416,-839.0,-676.0
12,420,-1076.0,-1117.0
12,423,-881.0,63.0
12,424,-839.0,-676.0
12,425,-881.0,63.0
12,426,-839.0,-676.0
12,427,-881.0,63.0
12,428,-839.0,-676.0
12,429,-881.0,63.0
12,442,-853.0,498.0
12,443,-881.0,63.0
12,447,-853.0,498.0
12,449,-881.0,-204.0
12,450,-853.0,498.0
12,451,-881.0,-204.0
12,453,-853.0,498.0
12,454,-881.0,-204.0
12,456,-853.0,498.0
12,457,-881.0,-204.0
12,458,-858.0,-661.0
12,459,-881.0,-204.0
12,460,-858.0,-661.0
12,461,-881.0,-204.0
12,465,-858.0,-661.0
12,469,-881.0,-204.0
12,475,-858.0,-661.0
12,476,-881.0,-204.0
12,483,-858.0,-661.0
12,488,-881.0,-204.0
12,491,-858.0,-661.0
12,493,-881.0,-204.0
12,494,-858.0,-661.0
12,495,-881.0,-204.0
12,496,-858.0,-661.0
12,497,-881.0,-204.0
12,499,-858.0,-661.0
12,500,-881.0,-204.0
12,503,-858.0,-661.0
12,504,-935.0,970.0
12,505,-881.0,-204.0
12,513,-858.0,-661.0
12,515,-881.0,-204.0
12,516,-858.0,-661.0
12,517,-881.0,-204.0
12,518,-858.0,-661.0
12,520,-881.0,-204.0
12,521,-858.0,513.0
12,522,-881.0,-204.0
12,527,330.0,-661.0
12,528,-881.0,-204.0
12,548,-710.0,-85.0
12,549,-881.0,-204.0
12,561,290.0,-308.0
12,562,-710.0,-85.0
12,568,-596.0,-467.0
12,569,-710.0,-85.0
12,574,-596.0,-467.0
12,575,-710.0,-26.0
12,582,-596.0,-467.0
12,583,-710.0,-26.0
12,590,-596.0,-467.0
12,592,-710.0,-26.0
12,598,-596.0,-467.0
12,599,-710.0,-26.0
12,604,-710.0,-293.0
12,611,-596.0,-467.0
12,614,-710.0,-293.0
12,616,-881.0,-145.0
12,619,-710.0,-293.0
12,622,-596.0,-467.0
12,624,-710.0,-352.0
12,639,-881.0,-204.0
12,641,-710.0,-352.0
12,644,-881.0,-204.0
12,645,-710.0,-352.0
12,677,-545.0,82.0
12,678,-710.0,-352.0
12,705,-710.0,-85.0
12,706,-881.0,-204.0
12,707,-710.0,-352.0
12,713,-442.0,-458.0
12,714,-710.0,-352.0
12,717,-533.0,23.0
12,718,-710.0,-352.0
12,728,-724.0,491.0
12,741,-724.0,-732.0
12,781,-881.0,63.0
12,782,-724.0,-673.0
12,789,-533.0,23.0
12,790,-724.0,-673.0
12,795,-881.0,63.0
12,797,-724.0,-673.0
12,809,-881.0,63.0
12,811,-724.0,-673.0
12,813,-442.0,-458.0
12,814,-724.0,-673.0
12,835,-844.0,-268.0
12,836,-724.0,-673.0
12,865,-844.0,-327.0
12,866,-724.0,-732.0
12,870,-844.0,-327.0
12,872,-724.0,-732.0
12,892,-844.0,-327.0
12,893,-724.0,-732.0
12,899,-844.0,-327.0
12,901,-724.0,-732.0
12,906,-724.0,-465.0
12,924,-844.0,-327.0
12,925,-724.0,-465.0
12,927,-844.0,-327.0
12,928,-724.0,-465.0
12,929,-844.0,-327.0
12,930,-724.0,-465.0
12,954,-724.0,758.0
12,958,-491.0,107.0
12,960,-724.0,758.0
12,961,-724.0,-416.0
12,977,-724.0,758.0
12,985,-673.0,-416.0
12,988,-491.0,97.0
12,990,-673.0,-416.0
12,999,-673.0,-416.0
13,0,-5219.0,-12051.0
13,1,-1737.0,-16141.0
13,2,-3813.0,-15779.0
13,5,-5450.0,-15664.0
13,6,-4446.0,-14392.0
13,8,-3314.0,-14391.0
13,10,-3349.0,-14142.0
13,13,-5267.0,-11487.0
13,15,-5313.0,-10313.0
13,16,-4829.0,-11340.0
13,18,-3551.0,-10239.0
13,30,-3551.0,-9178.0
13,39,-3546.0,-8019.0
13,40,-3242.0,-7235.0
13,42,-2809.0,-6061.0
13,45,-3753.0,-4799.0
13,46,-2809.0,-6061.0
13,54,-3104.0,-4828.0
13,56,-4202.0,-4779.0
13,61,-4202.0,-3605.0
13,67,-2950.0,-2431.0
13,68,-3729.0,-3522.0
13,69,-4184.0,-3284.0
13,91,-3781.0,-2110.0
13,92,-2895.0,-3794.0
13,106,-2895.0,-2571.0
13,109,-3477.0,-3343.0
13,134,-2199.0,-2242.0
13,135,-3010.0,-2193.0
13,221,-2574.0,-2183.0
13,235,-2384.0,-2183.0
13,266,-1106.0,-1082.0
13,268,-1691.0,-1111.0
13,300,-1692.0,-327.0
13,301,-1595.0,-1501.0
13,337,-214.0,-327.0
13,338,-1098.0,-1127.0
13,389,-881.0,-204.0
13,390,-1076.0,-1117.0
13,409,-1076.0,57.0
13,413,-1076.0,-1117.0
13,420,-881.0,-204.0
13,422,-881.0,63.0
13,423,-1076.0,-1117.0
13,554,-1076.0,57.0
13,560,290.0,-308.0
13,561,-881.0,-204.0
13,616,-710.0,-293.0
13,619,-881.0,-204.0
13,639,-710.0,-352.0
13,641,-881.0,-204.0
13,644,-710.0,-352.0
13,645,-881.0,-204.0
13,706,-710.0,-352.0
13,707,-881.0,-204.0
13,709,-881.0,63.0
13,781,-724.0,-673.0
13,782,-881.0,63.0
13,795,-724.0,-673.0
13,797,-881.0,63.0
13,809,-724.0,-673.0
13,811,-881.0,63.0
13,815,-895.0,906.0
13,826,-844.0,-268.0
13,835,-724.0,-673.0
13,836,-844.0,-268.0
13,865,-724.0,-732.0
13,866,-844.0,-327.0
13,870,-724.0,-732.0
13,872,-844.0,-327.0
13,892,-724.0,-732.0
13,893,-844.0,-327.0
13,899,-724.0,-732.0
13,901,-844.0,-327.0
13,924,-724.0,-465.0
13,925,-844.0,-327.0
13,927,-724.0,-465.0
13,928,-844.0,-327.0
13,929,-724.0,-465.0
13,930,-844.0,-327.0
13,993,-844.0,-594.0
13,999,-844.0,-594.0
