chain,iter,score_cpxR,score_soxR
0,0,-4023.0,-16613.0
0,1,-4168.0,-1443.0
0,2,-3457.0,-2509.0
0,3,-3665.0,-2052.0
0,4,-1958.0,1554.0
0,5,-737.0,-1583.0
0,6,-734.0,-607.0
0,7,-491.0,-83.0
0,8,-394.0,-283.0
0,9,-486.0,-234.0
0,10,-420.0,-293.0
0,11,-369.0,-93.0
0,12,-418.0,-609.0
0,13,-491.0,-83.0
0,14,-190.0,-58.0
0,15,-138.0,-176.0
0,16,-40.0,-127.0
0,17,-37.0,-58.0
0,18,-37.0,-68.0
0,19,-42.0,-117.0
0,20,-186.0,-19.0
0,21,-67.0,-394.0
0,22,-143.0,-137.0
0,23,-172.0,-68.0
0,24,-121.0,-78.0
0,25,-175.0,-293.0
0,26,-189.0,-224.0
0,27,-233.0,-327.0
0,28,-308.0,-78.0
0,29,-215.0,-394.0
0,30,-303.0,-278.0
0,31,-332.0,-9.0
0,32,-261.0,-525.0
0,33,-281.0,-9.0
0,34,-267.0,-317.0
0,35,-318.0,-127.0
0,36,160.0,955.0
0,37,194.0,53.0
0,38,194.0,171.0
0,39,345.0,127.0
0,40,234.0,-219.0
0,41,335.0,970.0
0,42,131.0,629.0
0,43,1426.0,649.0
0,44,1512.0,1705.0
0,45,1568.0,1823.0
0,46,1390.0,1813.0
0,47,1512.0,1764.0
0,48,1334.0,1813.0
0,49,1568.0,1764.0
0,50,1091.0,847.0
0,51,1410.0,2021.0
0,52,1512.0,1705.0
0,53,1512.0,1764.0
0,54,1355.0,1823.0
0,55,1568.0,1705.0
0,56,1568.0,1764.0
0,57,948.0,857.0
0,58,1176.0,2070.0
0,59,1410.0,979.0
0,60,1355.0,1705.0
0,61,1568.0,1764.0
0,62,1568.0,1705.0
0,63,1568.0,1764.0
0,64,1568.0,1764.0
0,65,1355.0,1764.0
0,66,1512.0,1764.0
0,67,1354.0,2139.0
0,68,1210.0,1168.0
0,69,1190.0,1168.0
0,70,1568.0,1764.0
0,71,1568.0,1764.0
0,72,1354.0,2080.0
0,73,1456.0,965.0
0,74,1512.0,1764.0
0,75,1568.0,1764.0
0,76,1652.0,1030.0
0,77,896.0,906.0
0,78,1176.0,2129.0
0,79,1019.0,1028.0
0,80,1019.0,847.0
0,81,1354.0,916.0
0,82,1388.0,1296.0
0,83,1355.0,1823.0
0,84,1176.0,2070.0
0,85,1232.0,969.0
0,86,1456.0,906.0
0,87,1390.0,1754.0
0,88,1512.0,1823.0
0,89,876.0,521.0
0,90,1410.0,2139.0
0,91,1033.0,1227.0
0,92,1333.0,980.0
0,93,1568.0,1705.0
0,94,1334.0,1754.0
0,95,1512.0,1705.0
0,96,1355.0,1823.0
0,97,1410.0,2080.0
0,98,1512.0,1823.0
0,99,1568.0,1705.0
0,100,1334.0,1754.0
0,101,1355.0,1823.0
0,102,1390.0,1754.0
0,103,1177.0,1695.0
0,104,1512.0,1823.0
0,105,1568.0,1764.0
0,106,1390.0,1813.0
0,107,1568.0,1823.0
0,108,1568.0,1764.0
0,109,1410.0,2080.0
0,110,1568.0,1705.0
0,111,1568.0,1823.0
0,112,1568.0,1764.0
0,113,1568.0,1764.0
0,114,901.0,906.0
0,115,724.0,847.0
0,116,1176.0,2070.0
0,117,1246.0,1168.0
0,118,1190.0,1227.0
0,119,1512.0,1764.0
0,120,1568.0,1823.0
0,121,1568.0,1764.0
0,122,1568.0,1705.0
0,123,1568.0,1705.0
0,124,1410.0,2080.0
0,125,1424.0,1237.0
0,126,1512.0,1764.0
0,127,1512.0,1823.0
0,128,1410.0,2080.0
0,129,1512.0,1823.0
0,130,1568.0,1764.0
0,131,1568.0,1764.0
0,132,1568.0,1764.0
0,133,1512.0,1764.0
0,134,1019.0,955.0
0,135,1019.0,896.0
0,136,1410.0,965.0
0,137,1371.0,965.0
0,138,1175.0,1296.0
0,139,1568.0,1764.0
0,140,1568.0,1823.0
0,141,1390.0,1754.0
0,142,1390.0,1754.0
0,143,1177.0,1695.0
0,144,1568.0,1764.0
0,145,1334.0,1695.0
0,146,1512.0,1764.0
0,147,1568.0,1764.0
0,148,1410.0,2080.0
0,149,1232.0,955.0
0,150,1019.0,955.0
0,151,1354.0,906.0
0,152,1424.0,1178.0
0,153,1368.0,1296.0
0,154,1211.0,1296.0
0,155,1512.0,1764.0
0,156,1568.0,1764.0
0,157,1512.0,1764.0
0,158,1390.0,1695.0
0,159,1568.0,1823.0
0,160,1236.0,916.0
0,161,1232.0,2129.0
0,162,1332.0,1178.0
0,163,1211.0,1237.0
0,164,1652.0,1148.0
0,165,1410.0,2139.0
0,166,1410.0,2021.0
0,167,1410.0,906.0
0,168,1246.0,1286.0
0,169,1355.0,1823.0
0,170,1176.0,1028.0
0,171,1246.0,1168.0
0,172,1424.0,1296.0
0,173,1310.0,965.0
0,174,1019.0,906.0
0,175,1019.0,788.0
0,176,1354.0,2139.0
0,177,1175.0,1237.0
0,178,1424.0,1296.0
0,179,1568.0,1823.0
0,180,1568.0,1705.0
0,181,1355.0,1823.0
0,182,1568.0,1823.0
0,183,1568.0,1764.0
0,184,1512.0,1764.0
0,185,1512.0,1764.0
0,186,1512.0,1764.0
0,187,1390.0,1813.0
0,188,1439.0,1148.0
0,189,1410.0,2080.0
0,190,1568.0,1764.0
0,191,1512.0,1705.0
0,192,849.0,847.0
0,193,1232.0,2011.0
0,194,1398.0,965.0
0,195,1378.0,965.0
0,196,1197.0,2139.0
0,197,1232.0,896.0
0,198,1354.0,2080.0
0,199,1334.0,1754.0
0,200,1568.0,1764.0
0,201,1512.0,1823.0
0,202,1390.0,1695.0
0,203,1568.0,1764.0
0,204,1032.0,847.0
0,205,1292.0,857.0
0,206,1019.0,2129.0
0,207,1232.0,896.0
0,208,1390.0,1754.0
0,209,1568.0,1764.0
0,210,1568.0,1764.0
0,211,1568.0,1764.0
0,212,1512.0,1764.0
0,213,1568.0,1764.0
0,214,1568.0,1823.0
0,215,1512.0,1764.0
0,216,1512.0,1705.0
0,217,1568.0,1764.0
0,218,1512.0,1764.0
0,219,1232.0,2070.0
0,220,1388.0,1178.0
0,221,1190.0,1286.0
0,222,1368.0,1296.0
0,223,1368.0,1237.0
0,224,1368.0,1296.0
0,225,1211.0,1237.0
0,226,1368.0,1296.0
0,227,1211.0,1237.0
0,228,1190.0,1227.0
0,229,1355.0,1764.0
0,230,1568.0,1823.0
0,231,1568.0,1764.0
0,232,1334.0,1754.0
0,233,1006.0,965.0
0,234,1354.0,2139.0
0,235,1354.0,2021.0
0,236,1354.0,916.0
0,237,1211.0,1237.0
0,238,1388.0,1237.0
0,239,1001.0,837.0
0,240,1354.0,2139.0
0,241,1332.0,1178.0
0,242,1568.0,1705.0
0,243,1568.0,1764.0
0,244,1568.0,1705.0
0,245,1512.0,1764.0
0,246,1177.0,1695.0
0,247,1568.0,1764.0
0,248,1512.0,1764.0
0,249,1568.0,1764.0
0,250,1568.0,1823.0
0,251,1568.0,1705.0
0,252,1568.0,1764.0
0,253,1334.0,1695.0
0,254,952.0,906.0
0,255,1197.0,2080.0
0,256,1190.0,1227.0
0,257,1368.0,1237.0
0,258,1210.0,1286.0
0,259,1424.0,1296.0
0,260,1568.0,1823.0
0,261,1568.0,1705.0
0,262,1568.0,1764.0
0,263,1568.0,1764.0
0,264,1568.0,1823.0
0,265,1512.0,1823.0
0,266,1512.0,1764.0
0,267,1334.0,1695.0
0,268,1568.0,1823.0
0,269,1512.0,1705.0
0,270,1512.0,1764.0
0,271,1512.0,1823.0
0,272,1568.0,1705.0
0,273,1568.0,1705.0
0,274,1568.0,1764.0
0,275,1474.0,1138.0
0,276,896.0,906.0
0,277,1232.0,2011.0
0,278,1368.0,1237.0
0,279,1368.0,1296.0
0,280,1354.0,2021.0
0,281,1512.0,1764.0
0,282,1568.0,1764.0
0,283,1355.0,1764.0
0,284,1568.0,1764.0
0,285,1390.0,1695.0
0,286,1334.0,1695.0
0,287,1568.0,1764.0
0,288,1568.0,1764.0
0,289,1568.0,1823.0
0,290,1568.0,1823.0
0,291,1354.0,2080.0
0,292,1568.0,1705.0
0,293,1568.0,1764.0
0,294,1355.0,1823.0
0,295,1355.0,1764.0
0,296,1512.0,1764.0
0,297,1512.0,1823.0
0,298,1568.0,1764.0
0,299,1512.0,1823.0
0,300,1568.0,1823.0
0,301,1355.0,1764.0
0,302,1366.0,788.0
0,303,1197.0,2080.0
0,304,1019.0,955.0
0,305,1197.0,965.0
0,306,1175.0,1237.0
0,307,1246.0,1227.0
0,308,1368.0,1178.0
0,309,1512.0,1823.0
0,310,1568.0,1764.0
0,311,1568.0,1764.0
0,312,1568.0,1705.0
0,313,1568.0,1764.0
0,314,1568.0,1764.0
0,315,1512.0,1823.0
0,316,1512.0,1764.0
0,317,1568.0,1705.0
0,318,1176.0,2070.0
0,319,1175.0,1178.0
0,320,1568.0,1764.0
0,321,1334.0,1754.0
0,322,1568.0,1705.0
0,323,1568.0,1764.0
0,324,1512.0,1764.0
0,325,1390.0,1754.0
0,326,1354.0,2080.0
0,327,1439.0,1089.0
0,328,1596.0,1148.0
0,329,743.0,896.0
0,330,1410.0,2080.0
0,331,1390.0,1813.0
0,332,1568.0,1823.0
0,333,1354.0,2021.0
0,334,1126.0,965.0
0,335,1232.0,2070.0
0,336,1388.0,1296.0
0,337,1210.0,1286.0
0,338,1332.0,1178.0
0,339,1073.0,955.0
0,340,1354.0,2021.0
0,341,1410.0,2080.0
0,342,1175.0,1178.0
0,343,1154.0,1168.0
0,344,1512.0,1764.0
0,345,1512.0,1764.0
0,346,1568.0,1705.0
0,347,1390.0,1754.0
0,348,1512.0,1764.0
0,349,1512.0,1823.0
0,350,1512.0,1764.0
0,351,1512.0,1764.0
0,352,1568.0,1764.0
0,353,716.0,1072.0
0,354,660.0,1072.0
0,355,1846.0,872.0
0,356,1512.0,1823.0
0,357,1568.0,1764.0
0,358,1568.0,1764.0
0,359,1512.0,1705.0
0,360,1355.0,1764.0
0,361,1390.0,1813.0
0,362,1410.0,2139.0
0,363,1355.0,1705.0
0,364,1568.0,1705.0
0,365,1568.0,1764.0
0,366,1512.0,1705.0
0,367,1512.0,1764.0
0,368,1568.0,1823.0
0,369,1568.0,1823.0
0,370,1410.0,2080.0
0,371,1490.0,921.0
0,372,1390.0,1754.0
0,373,1568.0,1764.0
0,374,1512.0,1764.0
0,375,1410.0,2139.0
0,376,1512.0,1705.0
0,377,1354.0,2080.0
0,378,1232.0,788.0
0,379,1246.0,1286.0
0,380,1424.0,1237.0
0,381,1568.0,1705.0
0,382,1512.0,1764.0
0,383,1410.0,2021.0
0,384,1249.0,955.0
0,385,1334.0,1754.0
0,386,1512.0,1823.0
0,387,1418.0,1138.0
0,388,1410.0,2139.0
0,389,1036.0,896.0
0,390,1424.0,1296.0
0,391,1481.0,965.0
0,392,1303.0,896.0
0,393,1512.0,1705.0
0,394,1439.0,1089.0
0,395,1439.0,1030.0
0,396,1354.0,2080.0
0,397,1062.0,965.0
0,398,1410.0,2139.0
0,399,1568.0,1764.0
0,400,1410.0,2021.0
1,401,-3961.0,-15281.0
1,402,-1270.0,-1077.0
1,403,-1126.0,278.0
1,404,-1131.0,-1004.0
1,405,-953.0,-1067.0
1,406,-990.0,955.0
1,407,481.0,649.0
1,408,452.0,590.0
1,409,167.0,590.0
1,410,481.0,531.0
1,411,481.0,590.0
1,412,1246.0,1227.0
1,413,1354.0,2080.0
1,414,1390.0,590.0
1,415,1176.0,969.0
1,416,1354.0,2021.0
1,417,1568.0,1705.0
1,418,1512.0,1705.0
1,419,1512.0,1823.0
1,420,1668.0,862.0
1,421,1410.0,2139.0
1,422,1568.0,1705.0
1,423,1512.0,1823.0
1,424,1568.0,1823.0
1,425,1512.0,1823.0
1,426,1568.0,1764.0
1,427,1568.0,1823.0
1,428,1568.0,1705.0
1,429,1388.0,1178.0
1,430,1368.0,1296.0
1,431,1154.0,1286.0
1,432,1354.0,2139.0
1,433,1390.0,1813.0
1,434,1388.0,1237.0
1,435,1232.0,2070.0
1,436,1410.0,2139.0
1,437,1512.0,1764.0
1,438,1354.0,1038.0
1,439,1176.0,2011.0
1,440,1410.0,2080.0
1,441,1568.0,1705.0
1,442,1154.0,1227.0
1,443,1232.0,1028.0
1,444,1232.0,1028.0
1,445,1197.0,965.0
1,446,1354.0,2139.0
1,447,1568.0,1764.0
1,448,1246.0,1227.0
1,449,1210.0,1227.0
1,450,1190.0,1227.0
1,451,1512.0,1764.0
1,452,1355.0,1764.0
1,453,1568.0,1823.0
1,454,1568.0,1764.0
1,455,1512.0,1764.0
1,456,1354.0,2021.0
1,457,1512.0,1764.0
1,458,1568.0,1823.0
1,459,1568.0,1705.0
1,460,896.0,906.0
1,461,1568.0,1764.0
1,462,1568.0,1764.0
1,463,1512.0,1764.0
1,464,1568.0,1823.0
1,465,1846.0,931.0
1,466,1334.0,1695.0
1,467,1568.0,1823.0
1,468,1390.0,1813.0
1,469,1210.0,1227.0
1,470,1410.0,2139.0
1,471,1390.0,1754.0
1,472,1568.0,1705.0
1,473,1568.0,1764.0
1,474,1355.0,1705.0
1,475,1410.0,2080.0
1,476,1568.0,1764.0
1,477,1185.0,906.0
1,478,1019.0,847.0
1,479,1197.0,1038.0
1,480,1197.0,2080.0
1,481,1568.0,1705.0
1,482,1568.0,1764.0
1,483,1568.0,1823.0
1,484,1355.0,1764.0
1,485,1568.0,1823.0
1,486,1190.0,1227.0
1,487,1232.0,847.0
1,488,1019.0,847.0
1,489,1019.0,969.0
1,490,1197.0,2080.0
1,491,1227.0,896.0
1,492,1354.0,2021.0
1,493,1354.0,2139.0
1,494,1568.0,1764.0
1,495,1354.0,2080.0
1,496,1568.0,1764.0
1,497,1355.0,1705.0
1,498,1512.0,1705.0
1,499,1568.0,1764.0
1,500,1390.0,1754.0
1,501,1512.0,1764.0
1,502,1568.0,1705.0
1,503,1568.0,1705.0
1,504,1512.0,1823.0
1,505,1568.0,1764.0
1,506,1568.0,1823.0
1,507,1512.0,1823.0
1,508,1390.0,1754.0
1,509,1512.0,1764.0
1,510,1790.0,931.0
1,511,716.0,1131.0
1,512,1568.0,1705.0
1,513,1390.0,521.0
1,514,1019.0,896.0
1,515,1019.0,2070.0
1,516,1269.0,857.0
1,517,1512.0,1823.0
1,518,1568.0,1764.0
1,519,1512.0,1823.0
1,520,1410.0,2021.0
1,521,1568.0,1764.0
1,522,1512.0,1705.0
1,523,1355.0,1764.0
1,524,1568.0,1823.0
1,525,1568.0,1823.0
1,526,1568.0,1764.0
1,527,1190.0,1286.0
1,528,1410.0,2080.0
1,529,1568.0,1764.0
1,530,1512.0,1764.0
1,531,1512.0,1705.0
1,532,1390.0,1754.0
1,533,1355.0,1823.0
1,534,1176.0,1028.0
1,535,1176.0,896.0
1,536,1232.0,837.0
1,537,1232.0,2129.0
1,538,1147.0,906.0
1,539,1001.0,837.0
1,540,1568.0,1823.0
1,541,1334.0,1695.0
1,542,1568.0,1823.0
1,543,1512.0,1705.0
1,544,1568.0,1705.0
1,545,1388.0,1296.0
1,546,1232.0,2011.0
1,547,774.0,896.0
1,548,1568.0,1823.0
1,549,1512.0,1705.0
1,550,1410.0,2021.0
1,551,1568.0,1764.0
1,552,1512.0,1705.0
1,553,1568.0,1764.0
1,554,1568.0,1823.0
1,555,1355.0,1764.0
1,556,1568.0,1764.0
1,557,1512.0,1764.0
1,558,1390.0,1695.0
1,559,1568.0,1764.0
1,560,1512.0,1705.0
1,561,1512.0,1823.0
1,562,1568.0,1823.0
1,563,1512.0,1823.0
1,564,1512.0,1823.0
1,565,1427.0,847.0
1,566,1197.0,1038.0
1,567,1410.0,906.0
1,568,1176.0,2070.0
1,569,1512.0,1823.0
1,570,1512.0,1764.0
1,571,1583.0,531.0
1,572,392.0,698.0
1,573,448.0,580.0
1,574,148.0,955.0
1,575,448.0,639.0
1,576,448.0,639.0
1,577,423.0,580.0
1,578,580.0,763.0
1,579,497.0,763.0
1,580,605.0,913.0
1,581,386.0,795.0
1,582,96.0,-384.0
1,583,391.0,567.0
1,584,391.0,630.0
1,585,291.0,241.0
1,586,391.0,616.0
1,587,291.0,300.0
1,588,391.0,557.0
1,589,391.0,557.0
1,590,391.0,1672.0
1,591,391.0,508.0
1,592,391.0,508.0
1,593,391.0,508.0
1,594,303.0,373.0
1,595,403.0,689.0
1,596,225.0,689.0
1,597,403.0,1804.0
1,598,462.0,449.0
1,599,508.0,508.0
1,600,508.0,567.0
1,601,681.0,640.0
1,602,562.0,449.0
1,603,562.0,567.0
1,604,669.0,459.0
1,605,491.0,459.0
1,606,559.0,432.0
1,607,169.0,567.0
1,608,278.0,449.0
1,609,515.0,582.0
1,610,693.0,464.0
1,611,759.0,533.0
1,612,859.0,790.0
1,613,551.0,459.0
1,614,211.0,259.0
1,615,669.0,640.0
1,616,669.0,567.0
1,617,669.0,508.0
1,618,491.0,449.0
1,619,669.0,1741.0
1,620,720.0,449.0
1,621,598.0,567.0
1,622,304.0,567.0
1,623,491.0,459.0
1,624,391.0,143.0
1,625,515.0,582.0
1,626,859.0,849.0
1,627,1885.0,1682.0
1,628,1427.0,1423.0
1,629,1885.0,1682.0
1,630,1885.0,1741.0
1,631,1885.0,1741.0
1,632,1885.0,1741.0
1,633,1885.0,1682.0
1,634,1885.0,1741.0
1,635,1707.0,1623.0
1,636,1707.0,1682.0
1,637,1707.0,1682.0
1,638,1885.0,1623.0
1,639,1885.0,1741.0
1,640,1885.0,1682.0
1,641,1707.0,1741.0
1,642,1885.0,1682.0
1,643,1707.0,1682.0
1,644,1885.0,1741.0
1,645,1885.0,1682.0
1,646,1707.0,1623.0
1,647,1885.0,1623.0
1,648,1885.0,1741.0
1,649,1885.0,1623.0
1,650,1885.0,1741.0
1,651,1885.0,1741.0
1,652,1707.0,1741.0
1,653,1707.0,1623.0
1,654,1885.0,1682.0
1,655,1885.0,1741.0
1,656,1885.0,1623.0
1,657,1885.0,1741.0
1,658,1707.0,1682.0
1,659,1885.0,1682.0
1,660,1885.0,1741.0
1,661,1885.0,1682.0
1,662,1885.0,1741.0
1,663,1707.0,1682.0
1,664,1707.0,1741.0
1,665,1885.0,1741.0
1,666,1707.0,1682.0
1,667,1607.0,1366.0
1,668,1707.0,1741.0
1,669,1885.0,1741.0
1,670,1885.0,1682.0
1,671,1885.0,1741.0
1,672,1885.0,1682.0
1,673,1885.0,1741.0
1,674,1707.0,1682.0
1,675,1707.0,1741.0
1,676,1885.0,1741.0
1,677,1707.0,1682.0
1,678,1707.0,1682.0
1,679,1885.0,1741.0
1,680,1885.0,1741.0
1,681,1885.0,1623.0
1,682,1885.0,1623.0
1,683,1607.0,1366.0
1,684,1885.0,1682.0
1,685,1707.0,1623.0
1,686,1885.0,1741.0
1,687,1885.0,1682.0
1,688,1707.0,1741.0
1,689,1885.0,1741.0
1,690,1707.0,1741.0
1,691,1707.0,1623.0
1,692,1885.0,1623.0
1,693,1707.0,1682.0
1,694,1885.0,1741.0
1,695,1427.0,1482.0
1,696,1885.0,1682.0
1,697,1885.0,1682.0
1,698,1707.0,1741.0
1,699,1707.0,1623.0
1,700,1707.0,1682.0
1,701,1885.0,1682.0
1,702,1885.0,1682.0
1,703,1885.0,1741.0
1,704,1885.0,1741.0
1,705,1885.0,1682.0
1,706,1707.0,1682.0
1,707,1885.0,1682.0
1,708,1707.0,1623.0
1,709,1885.0,1682.0
1,710,1707.0,1623.0
1,711,1707.0,1682.0
1,712,1707.0,1623.0
1,713,1707.0,1682.0
1,714,1707.0,1623.0
1,715,1885.0,1682.0
1,716,1885.0,1682.0
1,717,1707.0,1741.0
1,718,1885.0,1682.0
1,719,1885.0,1682.0
1,720,1885.0,1682.0
1,721,1707.0,1741.0
1,722,1885.0,1682.0
1,723,1885.0,1682.0
1,724,1707.0,1741.0
1,725,1707.0,1741.0
1,726,1885.0,1741.0
1,727,1707.0,1741.0
1,728,1707.0,1623.0
1,729,1707.0,1623.0
1,730,1707.0,1682.0
1,731,1707.0,1682.0
1,732,1885.0,1741.0
1,733,1885.0,1741.0
1,734,1707.0,1682.0
1,735,1885.0,1682.0
1,736,1707.0,1741.0
1,737,1707.0,1741.0
1,738,1885.0,1682.0
1,739,1885.0,1741.0
1,740,1885.0,1741.0
1,741,1707.0,1741.0
1,742,1885.0,1741.0
1,743,1707.0,1623.0
1,744,1885.0,1741.0
1,745,1885.0,1682.0
1,746,1707.0,1682.0
1,747,1707.0,1741.0
1,748,1885.0,1682.0
1,749,1707.0,1741.0
1,750,1707.0,1682.0
1,751,1707.0,1741.0
1,752,1707.0,1741.0
1,753,1707.0,1741.0
1,754,1707.0,1741.0
1,755,1707.0,1682.0
1,756,1885.0,1741.0
1,757,1427.0,1423.0
1,758,1707.0,1682.0
1,759,1885.0,1682.0
1,760,1885.0,1741.0
1,761,1885.0,1682.0
1,762,1885.0,1682.0
1,763,1707.0,1741.0
1,764,1707.0,1741.0
1,765,1707.0,1682.0
1,766,1707.0,1741.0
1,767,1707.0,1623.0
1,768,1885.0,1682.0
1,769,1885.0,1682.0
1,770,1885.0,1741.0
1,771,1707.0,1682.0
1,772,1707.0,1682.0
1,773,1885.0,1741.0
1,774,1885.0,1741.0
1,775,1885.0,1682.0
1,776,1707.0,1741.0
1,777,1885.0,1741.0
1,778,1885.0,1741.0
1,779,1427.0,1482.0
1,780,1707.0,1682.0
1,781,1707.0,1741.0
1,782,1885.0,1741.0
1,783,1885.0,1741.0
1,784,1885.0,1682.0
1,785,1327.0,1166.0
1,786,1885.0,1682.0
1,787,1885.0,1682.0
1,788,1707.0,1741.0
1,789,1707.0,1741.0
1,790,1707.0,1682.0
1,791,1885.0,1682.0
1,792,1885.0,1741.0
1,793,1427.0,1482.0
1,794,1707.0,1682.0
1,795,1707.0,1741.0
1,796,1707.0,1741.0
1,797,1885.0,1741.0
1,798,1885.0,1682.0
1,799,1707.0,1741.0
1,800,1707.0,1623.0
1,801,1149.0,1166.0
2,802,-3451.0,-17291.0
2,803,-2316.0,-941.0
2,804,-2302.0,-2233.0
2,805,-1761.0,-941.0
2,806,-1119.0,-1208.0
2,807,-1119.0,-1198.0
2,808,-140.0,2065.0
2,809,-309.0,-332.0
2,810,-368.0,-332.0
2,811,429.0,634.0
2,812,792.0,1140.0
2,813,806.0,1081.0
2,814,498.0,567.0
2,815,860.0,765.0
2,816,806.0,881.0
2,817,835.0,832.0
2,818,897.0,824.0
2,819,684.0,1042.0
2,820,678.0,585.0
2,821,571.0,575.0
2,822,514.0,716.0
2,823,899.0,726.0
2,824,885.0,575.0
2,825,1248.0,965.0
2,826,1211.0,1296.0
2,827,1512.0,1764.0
2,828,1568.0,1764.0
2,829,1568.0,1705.0
2,830,1568.0,1823.0
2,831,1568.0,1705.0
2,832,1390.0,1813.0
2,833,1568.0,1705.0
2,834,1334.0,1754.0
2,835,1355.0,1705.0
2,836,1512.0,1705.0
2,837,1261.0,1079.0
2,838,1410.0,2080.0
2,839,1410.0,1038.0
2,840,1355.0,1764.0
2,841,1568.0,1764.0
2,842,1410.0,2080.0
2,843,1568.0,1705.0
2,844,1568.0,1764.0
2,845,1568.0,1823.0
2,846,1512.0,1823.0
2,847,1512.0,1705.0
2,848,1568.0,1764.0
2,849,1512.0,1764.0
2,850,1568.0,1764.0
2,851,1568.0,1705.0
2,852,1568.0,1705.0
2,853,1568.0,1764.0
2,854,1354.0,2139.0
2,855,1019.0,1028.0
2,856,663.0,1165.0
2,857,539.0,839.0
2,858,574.0,832.0
2,859,425.0,822.0
2,860,266.0,308.0
2,861,757.0,1074.0
2,862,809.0,748.0
2,863,797.0,817.0
2,864,633.0,758.0
2,865,823.0,699.0
2,866,757.0,1074.0
2,867,797.0,807.0
2,868,619.0,807.0
2,869,757.0,1064.0
2,870,863.0,822.0
2,871,1041.0,1032.0
2,872,1081.0,775.0
2,873,681.0,624.0
2,874,837.0,950.0
2,875,1029.0,1091.0
2,876,1027.0,1091.0
2,877,1041.0,1022.0
2,878,849.0,891.0
2,879,1015.0,940.0
2,880,1015.0,1150.0
2,881,891.0,634.0
2,882,1027.0,1091.0
2,883,1015.0,950.0
2,884,1015.0,940.0
2,885,1029.0,1091.0
2,886,1027.0,1081.0
2,887,1015.0,1140.0
2,888,1027.0,1081.0
2,889,1027.0,1091.0
2,890,1029.0,891.0
2,891,1015.0,950.0
2,892,679.0,824.0
2,893,1041.0,1022.0
2,894,728.0,891.0
2,895,630.0,657.0
2,896,630.0,657.0
2,897,618.0,716.0
2,898,796.0,726.0
2,899,754.0,783.0
2,900,728.0,1101.0
2,901,740.0,1032.0
2,902,619.0,765.0
2,903,553.0,940.0
2,904,109.0,896.0
2,905,138.0,-159.0
2,906,182.0,172.0
2,907,-29.0,748.0
2,908,572.0,197.0
2,909,355.0,-85.0
2,910,879.0,567.0
2,911,821.0,1091.0
2,912,879.0,824.0
2,913,857.0,814.0
2,914,833.0,1081.0
2,915,799.0,1022.0
2,916,911.0,775.0
2,917,821.0,1091.0
2,918,821.0,716.0
2,919,821.0,775.0
2,920,877.0,716.0
2,921,833.0,1081.0
2,922,855.0,834.0
2,923,821.0,1091.0
2,924,845.0,824.0
2,925,860.0,775.0
2,926,806.0,824.0
2,927,782.0,1032.0
2,928,838.0,1998.0
2,929,804.0,775.0
2,930,806.0,814.0
2,931,806.0,814.0
2,932,782.0,1140.0
2,933,806.0,814.0
2,934,806.0,814.0
2,935,804.0,834.0
2,936,828.0,824.0
2,937,804.0,1032.0
2,938,806.0,873.0
2,939,782.0,1081.0
2,940,804.0,775.0
2,941,884.0,640.0
2,942,858.0,716.0
2,943,1104.0,481.0
2,944,759.0,1140.0
2,945,924.0,973.0
2,946,946.0,983.0
2,947,921.0,1042.0
2,948,946.0,1101.0
2,949,921.0,1042.0
2,950,921.0,1042.0
2,951,923.0,706.0
2,952,818.0,1164.0
2,953,804.0,1150.0
2,954,862.0,1731.0
2,955,782.0,1022.0
2,956,806.0,814.0
2,957,806.0,814.0
2,958,804.0,1091.0
2,959,782.0,838.0
2,960,828.0,897.0
2,961,806.0,946.0
2,962,1244.0,1022.0
2,963,994.0,1116.0
2,964,884.0,1366.0
2,965,862.0,1415.0
2,966,804.0,1223.0
2,967,664.0,716.0
2,968,996.0,780.0
2,969,860.0,1574.0
2,970,1102.0,817.0
2,971,1060.0,1091.0
2,972,1082.0,1101.0
2,973,1082.0,983.0
2,974,1060.0,1032.0
2,975,1060.0,1091.0
2,976,1060.0,1091.0
2,977,1060.0,1091.0
2,978,1060.0,1032.0
2,979,1060.0,1032.0
2,980,1060.0,973.0
2,981,1084.0,824.0
2,982,924.0,973.0
2,983,855.0,1091.0
2,984,860.0,1633.0
2,985,860.0,1633.0
2,986,874.0,532.0
2,987,818.0,1223.0
2,988,842.0,897.0
2,989,842.0,897.0
2,990,828.0,775.0
2,991,828.0,775.0
2,992,828.0,834.0
2,993,782.0,1032.0
2,994,828.0,1939.0
2,995,828.0,824.0
2,996,806.0,814.0
2,997,884.0,567.0
2,998,858.0,1091.0
2,999,460.0,1081.0
2,1000,860.0,1574.0
2,1001,324.0,1140.0
2,1002,1266.0,1091.0
2,1003,994.0,1057.0
2,1004,996.0,839.0
2,1005,1043.0,955.0
2,1006,1512.0,1823.0
2,1007,1568.0,1705.0
2,1008,1410.0,2021.0
2,1009,1568.0,1823.0
2,1010,1177.0,1754.0
2,1011,1512.0,1823.0
2,1012,1568.0,1764.0
2,1013,1568.0,1705.0
2,1014,1568.0,1764.0
2,1015,1355.0,1764.0
2,1016,1006.0,906.0
2,1017,1097.0,965.0
2,1018,1410.0,2139.0
2,1019,1512.0,1764.0
2,1020,1512.0,1764.0
2,1021,1568.0,1705.0
2,1022,1568.0,1764.0
2,1023,1568.0,1764.0
2,1024,1390.0,1754.0
2,1025,1512.0,1764.0
2,1026,1410.0,2139.0
2,1027,1410.0,2080.0
2,1028,1568.0,1764.0
2,1029,1512.0,1764.0
2,1030,1568.0,1764.0
2,1031,1512.0,1764.0
2,1032,1512.0,1764.0
2,1033,1512.0,1823.0
2,1034,1512.0,1705.0
2,1035,1354.0,2080.0
2,1036,1388.0,1237.0
2,1037,1410.0,2080.0
2,1038,1568.0,1764.0
2,1039,1512.0,1705.0
2,1040,1355.0,1764.0
2,1041,1568.0,1705.0
2,1042,1568.0,1705.0
2,1043,1568.0,1764.0
2,1044,1568.0,1764.0
2,1045,1390.0,1754.0
2,1046,1568.0,1823.0
2,1047,1512.0,1764.0
2,1048,1568.0,1764.0
2,1049,1176.0,2070.0
2,1050,1261.0,1020.0
2,1051,1197.0,2021.0
2,1052,1019.0,788.0
2,1053,1197.0,916.0
2,1054,1175.0,1237.0
2,1055,1190.0,1286.0
2,1056,1388.0,1237.0
2,1057,1368.0,1296.0
2,1058,1388.0,1237.0
2,1059,1334.0,1813.0
2,1060,1568.0,1764.0
2,1061,1568.0,1823.0
2,1062,1568.0,1764.0
2,1063,1354.0,2080.0
2,1064,1512.0,1764.0
2,1065,1568.0,1764.0
2,1066,1390.0,1695.0
2,1067,1512.0,1764.0
2,1068,1355.0,1764.0
2,1069,1355.0,1764.0
2,1070,1568.0,1764.0
2,1071,1568.0,1764.0
2,1072,1512.0,1705.0
2,1073,1512.0,1823.0
2,1074,1512.0,1705.0
2,1075,1286.0,896.0
2,1076,1197.0,2080.0
2,1077,1332.0,1296.0
2,1078,1568.0,1823.0
2,1079,1568.0,1823.0
2,1080,1568.0,1764.0
2,1081,1334.0,1754.0
2,1082,1568.0,1764.0
2,1083,1568.0,1764.0
2,1084,1334.0,1695.0
2,1085,1390.0,1754.0
2,1086,1568.0,1705.0
2,1087,1390.0,1754.0
2,1088,1568.0,1764.0
2,1089,1568.0,1764.0
2,1090,1568.0,1705.0
2,1091,1568.0,1705.0
2,1092,1197.0,2080.0
2,1093,1176.0,896.0
2,1094,1177.0,580.0
2,1095,1568.0,1705.0
2,1096,1568.0,1705.0
2,1097,1568.0,1823.0
2,1098,1177.0,1813.0
2,1099,1033.0,1286.0
2,1100,1164.0,955.0
2,1101,1247.0,955.0
2,1102,1410.0,2080.0
2,1103,1354.0,2021.0
2,1104,1512.0,1764.0
2,1105,1568.0,1705.0
2,1106,1512.0,1705.0
2,1107,1355.0,1764.0
2,1108,1568.0,1764.0
2,1109,1410.0,2080.0
2,1110,1512.0,1705.0
2,1111,1390.0,1695.0
2,1112,1390.0,1754.0
2,1113,1568.0,1764.0
2,1114,1568.0,1764.0
2,1115,1568.0,1705.0
2,1116,1512.0,1705.0
2,1117,1439.0,1030.0
2,1118,1474.0,1079.0
2,1119,1176.0,906.0
2,1120,1410.0,2139.0
2,1121,1512.0,1705.0
2,1122,1568.0,1764.0
2,1123,1334.0,1813.0
2,1124,1261.0,1020.0
2,1125,1354.0,2080.0
2,1126,1247.0,896.0
2,1127,1568.0,1823.0
2,1128,1568.0,1823.0
2,1129,1410.0,2139.0
2,1130,1355.0,1705.0
2,1131,1568.0,1823.0
2,1132,896.0,906.0
2,1133,1176.0,906.0
2,1134,1354.0,2080.0
2,1135,1368.0,1296.0
2,1136,1568.0,1705.0
2,1137,1512.0,1823.0
2,1138,1568.0,1705.0
2,1139,1354.0,2080.0
2,1140,1332.0,1237.0
2,1141,1388.0,1296.0
2,1142,1568.0,1823.0
2,1143,1568.0,1705.0
2,1144,1355.0,1823.0
2,1145,1129.0,955.0
2,1146,1342.0,837.0
2,1147,1062.0,906.0
2,1148,1410.0,2139.0
2,1149,1355.0,1705.0
2,1150,1568.0,1823.0
2,1151,1568.0,1764.0
2,1152,1568.0,1764.0
2,1153,1410.0,2080.0
2,1154,1568.0,1705.0
2,1155,1512.0,1823.0
2,1156,1568.0,1823.0
2,1157,1355.0,1823.0
2,1158,1568.0,1764.0
2,1159,1334.0,1813.0
2,1160,1388.0,1237.0
2,1161,1354.0,2080.0
2,1162,1354.0,2080.0
2,1163,1512.0,1764.0
2,1164,1334.0,1813.0
2,1165,1568.0,1764.0
2,1166,1568.0,1705.0
2,1167,1410.0,2139.0
2,1168,1568.0,1705.0
2,1169,1568.0,1705.0
2,1170,1410.0,2080.0
2,1171,1568.0,1705.0
2,1172,1390.0,1695.0
2,1173,1512.0,1764.0
2,1174,1512.0,1764.0
2,1175,1512.0,1764.0
2,1176,1568.0,1764.0
2,1177,1410.0,2021.0
2,1178,1190.0,1227.0
2,1179,1424.0,1296.0
2,1180,1390.0,1754.0
2,1181,1612.0,803.0
2,1182,1568.0,1705.0
2,1183,1568.0,1705.0
2,1184,1568.0,1705.0
2,1185,1390.0,1754.0
2,1186,1568.0,1823.0
2,1187,1568.0,1764.0
2,1188,1154.0,1168.0
2,1189,1368.0,1296.0
2,1190,1332.0,1296.0
2,1191,1355.0,1823.0
2,1192,1355.0,1705.0
2,1193,1568.0,1705.0
2,1194,1512.0,1705.0
2,1195,1512.0,1705.0
2,1196,1512.0,1823.0
2,1197,1334.0,1754.0
2,1198,1568.0,1764.0
2,1199,1390.0,1754.0
2,1200,1568.0,1705.0
2,1201,1568.0,1764.0
2,1202,1355.0,1764.0
3,1203,-4828.0,-15199.0
3,1204,-1459.0,-152.0
3,1205,-1437.0,-1365.0
3,1206,-1556.0,-1500.0
3,1207,-1588.0,-1534.0
3,1208,-1612.0,-1149.0
3,1209,-1610.0,-311.0
3,1210,-1283.0,-1198.0
3,1211,-1305.0,-1267.0
3,1212,-1305.0,-152.0
3,1213,-1264.0,-267.0
3,1214,-997.0,-1333.0
3,1215,-553.0,-19.0
3,1216,-575.0,-661.0
3,1217,-442.0,-186.0
3,1218,-300.0,-385.0
3,1219,-127.0,0.0
3,1220,-149.0,-201.0
3,1221,-149.0,-201.0
3,1222,-149.0,-142.0
3,1223,-149.0,-142.0
3,1224,-246.0,-326.0
3,1225,782.0,1140.0
3,1226,838.0,706.0
3,1227,860.0,834.0
3,1228,860.0,775.0
3,1229,860.0,1692.0
3,1230,884.0,1366.0
3,1231,884.0,1366.0
3,1232,860.0,775.0
3,1233,804.0,1091.0
3,1234,828.0,1939.0
3,1235,638.0,706.0
3,1236,1060.0,1032.0
3,1237,1082.0,1101.0
3,1238,1060.0,1032.0
3,1239,1082.0,1042.0
3,1240,1082.0,1042.0
3,1241,1060.0,1091.0
3,1242,1082.0,983.0
3,1243,1082.0,1042.0
3,1244,1060.0,1091.0
3,1245,1060.0,973.0
3,1246,1082.0,1042.0
3,1247,1060.0,1032.0
3,1248,1060.0,716.0
3,1249,646.0,1042.0
3,1250,759.0,824.0
3,1251,781.0,834.0
3,1252,892.0,1081.0
3,1253,948.0,824.0
3,1254,970.0,775.0
3,1255,892.0,765.0
3,1256,972.0,1047.0
3,1257,994.0,1116.0
3,1258,1244.0,1081.0
3,1259,1266.0,1091.0
3,1260,1244.0,1022.0
3,1261,979.0,1101.0
3,1262,782.0,1154.0
3,1263,828.0,883.0
3,1264,804.0,1150.0
3,1265,782.0,765.0
3,1266,782.0,765.0
3,1267,782.0,1939.0
3,1268,804.0,834.0
3,1269,782.0,1140.0
3,1270,828.0,567.0
3,1271,624.0,1032.0
3,1272,1082.0,1101.0
3,1273,1082.0,1101.0
3,1274,1082.0,983.0
3,1275,1082.0,1101.0
3,1276,1082.0,1042.0
3,1277,1082.0,1101.0
3,1278,1106.0,775.0
3,1279,1106.0,775.0
3,1280,781.0,775.0
3,1281,1024.0,1064.0
3,1282,1024.0,1064.0
3,1283,1024.0,807.0
3,1284,1046.0,1133.0
3,1285,1024.0,1005.0
3,1286,1024.0,1005.0
3,1287,1046.0,1133.0
3,1288,1024.0,1064.0
3,1289,1046.0,1074.0
3,1290,1024.0,1064.0
3,1291,1046.0,1133.0
3,1292,938.0,883.0
3,1293,855.0,849.0
3,1294,828.0,1682.0
3,1295,818.0,848.0
3,1296,818.0,848.0
3,1297,805.0,765.0
3,1298,759.0,1140.0
3,1299,837.0,716.0
3,1300,836.0,1081.0
3,1301,914.0,775.0
3,1302,858.0,775.0
3,1303,858.0,1150.0
3,1304,860.0,814.0
3,1305,882.0,824.0
3,1306,1300.0,824.0
3,1307,1266.0,1150.0
3,1308,1266.0,1091.0
3,1309,1266.0,1150.0
3,1310,1266.0,1091.0
3,1311,1244.0,1081.0
3,1312,1244.0,1081.0
3,1313,1244.0,1081.0
3,1314,1266.0,1091.0
3,1315,957.0,973.0
3,1316,957.0,973.0
3,1317,981.0,824.0
3,1318,828.0,956.0
3,1319,828.0,956.0
3,1320,828.0,824.0
3,1321,828.0,1998.0
3,1322,804.0,726.0
3,1323,821.0,1091.0
3,1324,911.0,834.0
3,1325,935.0,508.0
3,1326,816.0,883.0
3,1327,816.0,824.0
3,1328,816.0,765.0
3,1329,1024.0,1064.0
3,1330,1046.0,1133.0
3,1331,1046.0,1133.0
3,1332,1046.0,1074.0
3,1333,914.0,834.0
3,1334,914.0,1091.0
3,1335,948.0,765.0
3,1336,1266.0,1091.0
3,1337,1244.0,1081.0
3,1338,1244.0,1140.0
3,1339,1266.0,1150.0
3,1340,1266.0,1150.0
3,1341,1266.0,1150.0
3,1342,1266.0,1032.0
3,1343,1244.0,1140.0
3,1344,1244.0,1140.0
3,1345,1244.0,1140.0
3,1346,1244.0,765.0
3,1347,1266.0,1150.0
3,1348,1244.0,1022.0
3,1349,1266.0,1150.0
3,1350,1268.0,873.0
3,1351,1300.0,824.0
3,1352,1322.0,716.0
3,1353,1266.0,1032.0
3,1354,1266.0,1150.0
3,1355,1244.0,1081.0
3,1356,1244.0,1081.0
3,1357,1003.0,834.0
3,1358,979.0,1042.0
3,1359,981.0,824.0
3,1360,1035.0,726.0
3,1361,979.0,1101.0
3,1362,981.0,824.0
3,1363,1035.0,785.0
3,1364,1003.0,834.0
3,1365,957.0,775.0
3,1366,979.0,983.0
3,1367,979.0,1101.0
3,1368,979.0,1042.0
3,1369,721.0,824.0
3,1370,806.0,814.0
3,1371,782.0,824.0
3,1372,804.0,1032.0
3,1373,782.0,1022.0
3,1374,806.0,873.0
3,1375,828.0,883.0
3,1376,806.0,873.0
3,1377,828.0,883.0
3,1378,782.0,824.0
3,1379,782.0,1939.0
3,1380,626.0,199.0
3,1381,862.0,1356.0
3,1382,994.0,1057.0
3,1383,972.0,1047.0
3,1384,1266.0,1150.0
3,1385,1244.0,1081.0
3,1386,1244.0,1140.0
3,1387,1300.0,765.0
3,1388,1244.0,1140.0
3,1389,1266.0,1032.0
3,1390,1244.0,1140.0
3,1391,1244.0,1140.0
3,1392,1244.0,1140.0
3,1393,1266.0,1150.0
3,1394,1266.0,1150.0
3,1395,1244.0,765.0
3,1396,1266.0,1091.0
3,1397,804.0,1223.0
3,1398,860.0,848.0
3,1399,884.0,1741.0
3,1400,782.0,1091.0
3,1401,804.0,775.0
3,1402,828.0,824.0
3,1403,828.0,765.0
3,1404,804.0,775.0
3,1405,818.0,1164.0
3,1406,770.0,1081.0
3,1407,826.0,824.0
3,1408,848.0,775.0
3,1409,875.0,1101.0
3,1410,921.0,785.0
3,1411,875.0,1042.0
3,1412,1082.0,1101.0
3,1413,1082.0,1042.0
3,1414,837.0,775.0
3,1415,948.0,508.0
3,1416,1268.0,755.0
3,1417,1244.0,1022.0
3,1418,1244.0,1140.0
3,1419,628.0,1086.0
3,1420,706.0,898.0
3,1421,979.0,726.0
3,1422,957.0,1032.0
3,1423,979.0,983.0
3,1424,979.0,1101.0
3,1425,804.0,1032.0
3,1426,804.0,1032.0
3,1427,782.0,1022.0
3,1428,838.0,1998.0
3,1429,804.0,726.0
3,1430,921.0,1042.0
3,1431,875.0,1042.0
3,1432,921.0,1101.0
3,1433,1082.0,1101.0
3,1434,1082.0,983.0
3,1435,1024.0,1064.0
3,1436,1024.0,1064.0
3,1437,1024.0,1064.0
3,1438,1024.0,1064.0
3,1439,1046.0,1133.0
3,1440,1046.0,1074.0
3,1441,916.0,873.0
3,1442,892.0,1140.0
3,1443,914.0,775.0
3,1444,434.0,1081.0
3,1445,860.0,755.0
3,1446,806.0,1672.0
3,1447,647.0,1047.0
3,1448,1013.0,775.0
3,1449,979.0,1042.0
3,1450,697.0,1032.0
3,1451,721.0,706.0
3,1452,806.0,946.0
3,1453,804.0,716.0
3,1454,804.0,1091.0
3,1455,804.0,834.0
3,1456,804.0,834.0
3,1457,782.0,1140.0
3,1458,828.0,824.0
3,1459,806.0,814.0
3,1460,884.0,1741.0
3,1461,972.0,1047.0
3,1462,1290.0,824.0
3,1463,1244.0,1081.0
3,1464,1266.0,1091.0
3,1465,1244.0,1022.0
3,1466,1266.0,716.0
3,1467,1244.0,1081.0
3,1468,1266.0,1150.0
3,1469,1266.0,1091.0
3,1470,1244.0,1140.0
3,1471,1322.0,834.0
3,1472,1244.0,1081.0
3,1473,1244.0,1081.0
3,1474,1244.0,1081.0
3,1475,1244.0,1140.0
3,1476,1244.0,1081.0
3,1477,1244.0,1140.0
3,1478,1244.0,1140.0
3,1479,1266.0,1150.0
3,1480,1244.0,1081.0
3,1481,1266.0,1091.0
3,1482,1244.0,1081.0
3,1483,1244.0,1140.0
3,1484,1266.0,1091.0
3,1485,1244.0,1140.0
3,1486,1244.0,706.0
3,1487,1266.0,1150.0
3,1488,1266.0,1091.0
3,1489,1244.0,1081.0
3,1490,1244.0,1140.0
3,1491,1244.0,1140.0
3,1492,1035.0,667.0
3,1493,957.0,1091.0
3,1494,979.0,1042.0
3,1495,782.0,1213.0
3,1496,806.0,887.0
3,1497,782.0,824.0
3,1498,782.0,765.0
3,1499,782.0,1140.0
3,1500,806.0,814.0
3,1501,828.0,2057.0
3,1502,828.0,834.0
3,1503,838.0,775.0
3,1504,782.0,824.0
3,1505,804.0,716.0
3,1506,782.0,1022.0
3,1507,782.0,1081.0
3,1508,828.0,883.0
3,1509,806.0,873.0
3,1510,804.0,775.0
3,1511,782.0,706.0
3,1512,782.0,1022.0
3,1513,828.0,508.0
3,1514,426.0,449.0
3,1515,862.0,571.0
3,1516,828.0,824.0
3,1517,782.0,1081.0
3,1518,806.0,814.0
3,1519,804.0,1150.0
3,1520,828.0,824.0
3,1521,806.0,755.0
3,1522,804.0,1091.0
3,1523,782.0,1140.0
3,1524,804.0,1150.0
3,1525,838.0,765.0
3,1526,860.0,834.0
3,1527,804.0,1150.0
3,1528,650.0,1155.0
3,1529,862.0,1613.0
3,1530,804.0,1101.0
3,1531,838.0,775.0
3,1532,782.0,1091.0
3,1533,838.0,775.0
3,1534,862.0,439.0
3,1535,543.0,1081.0
3,1536,855.0,1091.0
3,1537,855.0,765.0
3,1538,948.0,765.0
3,1539,624.0,1032.0
3,1540,781.0,834.0
3,1541,914.0,1091.0
3,1542,916.0,814.0
3,1543,882.0,824.0
3,1544,994.0,1057.0
3,1545,972.0,1106.0
3,1546,979.0,726.0
3,1547,957.0,973.0
3,1548,828.0,956.0
3,1549,806.0,946.0
3,1550,828.0,897.0
3,1551,838.0,706.0
3,1552,838.0,765.0
3,1553,838.0,824.0
3,1554,860.0,775.0
3,1555,804.0,834.0
3,1556,804.0,1091.0
3,1557,806.0,873.0
3,1558,804.0,775.0
3,1559,804.0,775.0
3,1560,804.0,2265.0
3,1561,838.0,775.0
3,1562,838.0,775.0
3,1563,860.0,834.0
3,1564,860.0,834.0
3,1565,860.0,716.0
3,1566,970.0,834.0
3,1567,970.0,775.0
3,1568,924.0,1032.0
3,1569,1046.0,1074.0
3,1570,1024.0,1064.0
3,1571,1046.0,1074.0
3,1572,1046.0,1133.0
3,1573,1070.0,550.0
3,1574,914.0,1150.0
3,1575,914.0,1091.0
3,1576,892.0,1022.0
3,1577,914.0,1150.0
3,1578,916.0,814.0
3,1579,836.0,1140.0
3,1580,855.0,474.0
3,1581,777.0,1155.0
3,1582,1349.0,965.0
3,1583,1076.0,955.0
3,1584,1418.0,1079.0
3,1585,1512.0,1705.0
3,1586,1568.0,1823.0
3,1587,1355.0,1823.0
3,1588,1568.0,1764.0
3,1589,1512.0,1705.0
3,1590,1568.0,1705.0
3,1591,1354.0,2080.0
3,1592,1568.0,1705.0
3,1593,1512.0,1764.0
3,1594,1388.0,1296.0
3,1595,1388.0,1296.0
3,1596,1332.0,1178.0
3,1597,1154.0,1286.0
3,1598,1197.0,2021.0
3,1599,1410.0,2139.0
3,1600,1652.0,1089.0
3,1601,1474.0,1020.0
3,1602,1232.0,2011.0
3,1603,1001.0,955.0
